index,start,end,group,occurrence,track,tonic,display_name,LeftEnergy,RightEnergy,handedness,handedness_ratio,pelvis_centroid,HandEnergy
0,30.762948337007565,35.07336144924757,0.0,0.0,2018_11_13_am_Sec_1_P2_Varaali_slates,197.0,Performer1_Sess1_Varali,0.007263627899455598,0.003368921746108108,Left,2.1560690472691406,"(-0.0035348610038610042, -0.1172935752895753, 0.050523270270270274)",0.007263627899455598
1,40.08384165628294,44.39425476852295,0.0,1.0,2018_11_13_am_Sec_1_P2_Varaali_slates,197.0,Performer1_Sess1_Varali,0.012622837791368215,0.013099534294992249,Right,1.0377646066203916,"(0.00319662015503876, -0.11668457751937986, 0.05041159302325582)",0.013099534294992249
2,245.76355410716,248.99386370171567,0.0,2.0,2018_11_13_am_Sec_1_P2_Varaali_slates,197.0,Performer1_Sess1_Varali,0.0501532151721134,0.00017109104653092783,Left,293.13757902022826,"(0.0024869381443298967, -0.11844512371134021, 0.0044860257731958765)",0.0501532151721134
3,252.24417521326555,255.07444646793823,0.0,3.0,2018_11_13_am_Sec_1_P2_Varaali_slates,197.0,Performer1_Sess1_Varali,0.01995586999866471,0.00026806906844705885,Left,74.44301617590696,"(0.0019260823529411765, -0.11496045882352941, 0.009178111764705883)",0.01995586999866471
4,201.45930796511067,204.2895792197833,0.0,4.0,2018_11_13_am_Sec_1_P2_Varaali_slates,197.0,Performer1_Sess1_Varali,0.18184741127288823,0.20550978825295885,Right,1.1301221546924405,"(0.0003803058823529412, -0.12140288235294121, 0.04194230588235294)",0.20550978825295885
5,221.65124317070828,224.48151442538096,0.0,5.0,2018_11_13_am_Sec_1_P2_Varaali_slates,197.0,Performer1_Sess1_Varali,0.02612579524060355,0.05268904181457397,Right,2.0167440389598936,"(0.013131585798816566, -0.12006874556213018, 0.0565154852071006)",0.05268904181457397
6,176.7969443113198,179.4471983130451,0.0,6.0,2018_11_13_am_Sec_1_P2_Varaali_slates,197.0,Performer1_Sess1_Varali,0.06458645831005032,0.035744467636100626,Left,1.8068938378822104,"(-0.0014604968553459117, -0.1205848679245283, 0.062238918238993725)",0.06458645831005032
8,107.70032205501772,110.5705971436787,0.0,8.0,2018_11_13_am_Sec_1_P2_Varaali_slates,197.0,Performer1_Sess1_Varali,0.10190000724038373,0.00025717976056976744,Left,396.2209429491261,"(0.0073824534883720925, -0.11785896511627905, 0.0019776686046511626)",0.10190000724038373
9,228.6319122016677,231.05214415796027,0.0,9.0,2018_11_13_am_Sec_1_P2_Varaali_slates,197.0,Performer1_Sess1_Varali,0.07334178124993836,0.09234454073317808,Right,1.259098690533313,"(0.017253260273972598, -0.11856788356164381, 0.042537130136986304)",0.09234454073317808
10,94.3390415029234,96.62926099875394,0.0,10.0,2018_11_13_am_Sec_1_P2_Varaali_slates,197.0,Performer1_Sess1_Varali,0.06537038488692702,0.0014722098366934304,Left,44.40289913681619,"(0.005852649635036497, -0.11934635036496352, 0.00015369343065693445)",0.06537038488692702
11,290.7078615930221,292.99808108885264,0.0,11.0,2018_11_13_am_Sec_1_P2_Varaali_slates,197.0,Performer1_Sess1_Varali,0.002793337397562044,9.970921554744527e-06,Left,280.1483676534264,"(0.00448521897810219, -0.11505310948905109, 0.00874592700729927)",0.002793337397562044
12,131.8526368254577,134.05284769481452,0.0,12.0,2018_11_13_am_Sec_1_P2_Varaali_slates,197.0,Performer1_Sess1_Varali,0.16605308602459093,0.20913180723305302,Right,1.2594274050533607,"(-0.002296825757575758, -0.11954049242424242, 0.050452734848484844)",0.20913180723305302
13,234.3824633374868,236.8527000862647,0.0,13.0,2018_11_13_am_Sec_1_P2_Varaali_slates,197.0,Performer1_Sess1_Varali,0.0489675584723557,0.07983708401887918,Right,1.6304076925532374,"(0.01892298657718121, -0.11602893288590604, -0.012796758389261744)",0.07983708401887918
14,42.55407840506086,44.66428064794402,0.0,14.0,2018_11_13_am_Sec_1_P2_Varaali_slates,197.0,Performer1_Sess1_Varali,0.011881866400420637,0.01749027911624603,Right,1.4720144568892684,"(0.003801460317460318, -0.11656669047619048, 0.05154934126984126)",0.01749027911624603
15,166.7259791047637,168.7861765551615,0.0,15.0,2018_11_13_am_Sec_1_P2_Varaali_slates,197.0,Performer1_Sess1_Varali,0.05333232637124194,0.09132554133458065,Right,1.7123862307987667,"(0.0017290403225806452, -0.11954481451612904, 0.06148540322580645)",0.09132554133458065
16,254.36437841464576,256.38457203105526,0.0,16.0,2018_11_13_am_Sec_1_P2_Varaali_slates,197.0,Performer1_Sess1_Varali,0.028785488492024586,0.0004029858843196722,Left,71.43051310747708,"(0.002080524590163934, -0.11498895081967214, 0.00931772131147541)",0.028785488492024586
17,71.97689830346016,73.99709191986963,0.0,17.0,2018_11_13_am_Sec_1_P2_Varaali_slates,197.0,Performer1_Sess1_Varali,0.005144670008190082,9.389285829752065e-05,Left,54.79298533960951,"(0.008922991735537188, -0.11705795867768595, 0.030167512396694213)",0.005144670008190082
18,105.81014089907023,107.8303345154797,0.0,18.0,2018_11_13_am_Sec_1_P2_Varaali_slates,197.0,Performer1_Sess1_Varali,0.07806253429923968,0.0002020472097768595,Left,386.3578932144214,"(0.009651528925619834, -0.11571209090909092, 0.005208876033057851)",0.07806253429923968
19,129.56241732962712,131.5826109460366,0.0,19.0,2018_11_13_am_Sec_1_P2_Varaali_slates,197.0,Performer1_Sess1_Varali,0.03001396179803306,0.00035360152145454544,Left,84.88074846106474,"(0.00034057851239669427, -0.1191103966942149, 0.004311983471074379)",0.03001396179803306
25,74.04709671235501,78.31750599060672,0.0,0.0,2018_11_13_am_Sec_2_P1_Shankara_slates,197.0,Performer1_Sess1_Shankarabharanam,0.020838307660735404,0.024658696244249028,Right,1.1833348775588046,"(0.04398178988326848, -0.12570126459143968, 0.05390230350194552)",0.024658696244249028
26,253.46429214990889,256.7846103709383,0.0,1.0,2018_11_13_am_Sec_2_P1_Shankara_slates,197.0,Performer1_Sess1_Shankarabharanam,0.012251353604195001,2.5317953465e-05,Left,483.8998389475475,"(0.027123049999999996, -0.13255067499999998, 0.02628332)",0.012251353604195001
27,49.7947723569443,52.355017732195904,0.0,2.0,2018_11_13_am_Sec_2_P1_Shankara_slates,197.0,Performer1_Sess1_Shankarabharanam,0.024031646097376624,0.0336274879332922,Right,1.3993002309135656,"(0.040681136363636364, -0.12399492207792208, 0.060054168831168826)",0.0336274879332922
28,115.03102463337484,117.54126521614108,0.0,3.0,2018_11_13_am_Sec_2_P1_Shankara_slates,197.0,Performer1_Sess1_Shankarabharanam,0.007172904039649008,0.008123226478278145,Right,1.1324878226972126,"(0.04355968874172185, -0.12436321854304637, 0.060297649006622524)",0.008123226478278145
29,248.2037879804466,250.58401610275084,0.0,4.0,2018_11_13_am_Sec_2_P1_Shankara_slates,197.0,Performer1_Sess1_Shankarabharanam,0.02795124357344755,1.8973746972027973e-05,Left,1473.1535955789145,"(0.02841049650349651, -0.13234409090909088, 0.02530995104895105)",0.02795124357344755
30,48.89468609220741,51.22490942202625,0.0,5.0,2018_11_13_am_Sec_2_P1_Shankara_slates,197.0,Performer1_Sess1_Shankarabharanam,0.0012738978831214284,0.0023234799592714286,Right,1.8239138239073074,"(0.03907769999999999, -0.1236928142857143, 0.06565745)",0.0023234799592714286
31,97.48934342950253,99.81956675932136,0.0,6.0,2018_11_13_am_Sec_2_P1_Shankara_slates,197.0,Performer1_Sess1_Shankarabharanam,0.0022010950255571425,0.014884264821164289,Right,6.762209104260174,"(0.04257615714285714, -0.1254277428571429, 0.06164787142857142)",0.014884264821164289
32,100.9996798619764,103.14988593884787,0.0,7.0,2018_11_13_am_Sec_2_P1_Shankara_slates,197.0,Performer1_Sess1_Shankarabharanam,0.004879401857108527,0.009823583720031007,Right,2.0132762186249487,"(0.043108984496124034, -0.12516155813953486, 0.06269132558139535)",0.009823583720031007
34,126.10208568963864,128.12227930604809,0.0,9.0,2018_11_13_am_Sec_2_P1_Shankara_slates,197.0,Performer1_Sess1_Shankarabharanam,0.02285716034190083,0.09133002472741322,Right,3.995685525292076,"(0.044739396694214874, -0.12453484297520663, 0.051521867768595034)",0.09133002472741322
35,281.3569653982555,283.7371935205597,0.0,10.0,2018_11_13_am_Sec_2_P1_Shankara_slates,197.0,Performer1_Sess1_Shankarabharanam,0.017540235942720285,2.098476825174825e-05,Left,835.8555945100323,"(0.03124611188811189, -0.13342841958041957, 0.0232909020979021)",0.017540235942720285
36,110.08055017732194,112.14074762771972,0.0,11.0,2018_11_13_am_Sec_2_P1_Shankara_slates,197.0,Performer1_Sess1_Shankarabharanam,0.03951297594085483,0.09099855847896776,Right,2.303004426069536,"(0.045420185483870966, -0.12548157258064516, 0.04499741129032258)",0.09099855847896776
43,71.93689446947185,76.33731620818556,0.0,0.0,2018_11_13_am_Sec_3_P1_Anandabhairavi_slates,187.0,Performer1_Sess1_Anandabhairavi,0.014766516529166667,0.01637640941092803,Right,1.1090231997899789,"(0.08427642045454546, -0.19263520454545455, 0.04979580303030304)",0.01637640941092803
44,124.12189590721746,128.2522917665101,0.0,1.0,2018_11_13_am_Sec_3_P1_Anandabhairavi_slates,187.0,Performer1_Sess1_Anandabhairavi,0.007871361873262097,0.01579506975229839,Right,2.0066501841253173,"(0.09761988306451612, -0.18812957661290322, 0.04158459274193548)",0.01579506975229839
45,39.6738023579028,43.40415987731237,0.0,2.0,2018_11_13_am_Sec_3_P1_Anandabhairavi_slates,187.0,Performer1_Sess1_Anandabhairavi,0.03096827638566071,0.024158070390959824,Left,1.2819019021175355,"(0.0865010580357143, -0.19113341071428572, 0.014379107142857141)",0.03096827638566071
47,51.19490654653502,54.33520751461707,0.0,4.0,2018_11_13_am_Sec_3_P1_Anandabhairavi_slates,187.0,Performer1_Sess1_Anandabhairavi,0.05783178418420104,0.07010468524703176,Right,1.2122172302991738,"(0.08671286772486773, -0.19322980952380958, 0.0360324074074074)",0.07010468524703176
48,25.502444167545285,28.602741301639025,0.0,5.0,2018_11_13_am_Sec_3_P1_Anandabhairavi_slates,187.0,Performer1_Sess1_Anandabhairavi,0.008033682617784947,0.014748905913069894,Right,1.8358835685665253,"(0.08061702688172043, -0.1904022634408602, 0.05645949462365592)",0.014748905913069894
49,232.8123128534457,235.9126099875395,0.0,6.0,2018_11_13_am_Sec_3_P1_Anandabhairavi_slates,187.0,Performer1_Sess1_Anandabhairavi,0.029153299071559138,0.04047907079093548,Right,1.3884902251225948,"(0.09368141397849462, -0.18840846236559136, 0.06013121505376344)",0.04047907079093548
51,70.35674302693376,73.13700948912104,0.0,8.0,2018_11_13_am_Sec_3_P1_Anandabhairavi_slates,187.0,Performer1_Sess1_Anandabhairavi,0.009702535861,0.020254364619574854,Right,2.0875330851379426,"(0.08326439520958083, -0.19286548502994008, 0.05016710778443114)",0.020254364619574854
52,68.96660979584011,71.65686763155371,0.0,9.0,2018_11_13_am_Sec_3_P1_Anandabhairavi_slates,187.0,Performer1_Sess1_Anandabhairavi,0.01859789479545062,0.03142899722054321,Right,1.689922303906747,"(0.08290536419753086, -0.1927632160493827, 0.05103012345679012)",0.03142899722054321
53,74.1371053388287,76.96737659350137,0.0,10.0,2018_11_13_am_Sec_3_P1_Anandabhairavi_slates,187.0,Performer1_Sess1_Anandabhairavi,0.033399595276588236,0.050929279206623525,Right,1.524847196047399,"(0.08490816470588236, -0.1926247176470588, 0.04705220588235294)",0.050929279206623525
54,218.64095466308825,221.24120387232816,0.0,11.0,2018_11_13_am_Sec_3_P1_Anandabhairavi_slates,187.0,Performer1_Sess1_Anandabhairavi,0.016486813026839745,0.05256966791478204,Right,3.188588833342207,"(0.09506341025641024, -0.19161970512820511, 0.06257908333333334)",0.05256966791478204
55,85.47819227451355,87.94842902329147,0.0,12.0,2018_11_13_am_Sec_3_P1_Anandabhairavi_slates,187.0,Performer1_Sess1_Anandabhairavi,0.042249220178824334,5.93540479527027e-05,Left,711.8169970899264,"(0.08461475, -0.19210839189189188, 0.02171887162162162)",0.042249220178824334
56,107.7903306814914,110.08055017732194,0.0,13.0,2018_11_13_am_Sec_3_P1_Anandabhairavi_slates,187.0,Performer1_Sess1_Anandabhairavi,0.04088869740697809,1.9892894547445255e-05,Left,2055.442324366477,"(0.09335802919708029, -0.18927072262773725, 0.02308978102189781)",0.04088869740697809
57,55.55532445126041,57.84554394709095,0.0,14.0,2018_11_13_am_Sec_3_P1_Anandabhairavi_slates,187.0,Performer1_Sess1_Anandabhairavi,0.010719386749335766,0.03580856047424088,Right,3.3405418902774247,"(0.08659976642335766, -0.19462591240875912, -0.014061291970802922)",0.03580856047424088
58,80.83774753187001,83.6180139940573,0.0,15.0,2018_11_13_am_Sec_3_P1_Anandabhairavi_slates,187.0,Performer1_Sess1_Anandabhairavi,0.007656191582,0.04912952656883233,Right,6.416966718066163,"(0.08636283233532935, -0.19227555688622752, 0.04197933532934131)",0.04912952656883233
59,216.57075625419336,218.59094987060288,0.0,16.0,2018_11_13_am_Sec_3_P1_Anandabhairavi_slates,187.0,Performer1_Sess1_Anandabhairavi,0.0022375882297685948,0.0033398863387024795,Right,1.4926277740779328,"(0.09512543801652892, -0.1915758512396694, 0.06134130578512397)",0.0033398863387024795
60,123.58184414837532,126.05208089715325,0.0,17.0,2018_11_13_am_Sec_3_P1_Anandabhairavi_slates,187.0,Performer1_Sess1_Anandabhairavi,0.005682486387073825,0.009851041824785235,Right,1.7335794850637543,"(0.09748070469798657, -0.1882791744966443, 0.03326646308724832)",0.009851041824785235
62,110.13055496980732,112.2807610466788,0.0,19.0,2018_11_13_am_Sec_3_P1_Anandabhairavi_slates,187.0,Performer1_Sess1_Anandabhairavi,0.082239298369969,7.023891523255813e-05,Left,1170.8509178662298,"(0.09611008527131783, -0.18769892248062015, 0.025461302325581393)",0.082239298369969
72,51.77496213936546,56.94545768235406,0.0,0.0,2018_11_13_am_Sec_3_P3_Kalyani_slates,187.0,Performer1_Sess1_Kalyani,0.03581146740514194,0.05077294890168064,Right,1.417784653370291,"(0.022904458064516128, -0.17094281612903228, 0.02337891612903226)",0.05077294890168064
73,26.45253522476756,29.86286207227068,0.0,1.0,2018_11_13_am_Sec_3_P3_Kalyani_slates,187.0,Performer1_Sess1_Kalyani,0.030137929028960782,0.04845462680964706,Right,1.6077623237842589,"(0.018850700980392158, -0.17468048529411764, 0.05420092156862746)",0.04845462680964706
74,157.23506949103802,160.46537908559375,0.0,2.0,2018_11_13_am_Sec_3_P3_Kalyani_slates,187.0,Performer1_Sess1_Kalyani,0.027946922240611398,8.674366193782384e-05,Left,322.1782619765719,"(0.0040405181347150255, -0.17245054404145077, 0.030568295336787562)",0.027946922240611398
75,36.07345729895523,39.35377168599635,0.0,3.0,2018_11_13_am_Sec_3_P3_Kalyani_slates,187.0,Performer1_Sess1_Kalyani,0.005573184912319796,0.0185343624701066,Right,3.325632068861647,"(0.0199683807106599, -0.17332692385786802, 0.028536979695431477)",0.0185343624701066
77,233.4423732387616,236.27264449343423,0.0,5.0,2018_11_13_am_Sec_3_P3_Kalyani_slates,187.0,Performer1_Sess1_Kalyani,0.02054505097646471,2.1521228982352942e-05,Left,954.6411588906618,"(0.0007628117647058822, -0.1780367117647059, 0.027121547058823532)",0.02054505097646471
78,61.22586791910283,63.69610466788075,0.0,6.0,2018_11_13_am_Sec_3_P3_Kalyani_slates,187.0,Performer1_Sess1_Kalyani,0.02993443554405405,0.06658748748634458,Right,2.224444399105131,"(0.007340128378378378, -0.1706335608108108, -0.005397452702702703)",0.06658748748634458
79,259.4048614971724,261.8750982459503,0.0,7.0,2018_11_13_am_Sec_3_P3_Kalyani_slates,187.0,Performer1_Sess1_Kalyani,0.02834823310935811,3.2450136263513517e-05,Left,873.5936539419857,"(0.010632628378378379, -0.16426512162162163, 0.02689202027027027)",0.02834823310935811
80,120.92158918815296,123.03179143103613,0.0,8.0,2018_11_13_am_Sec_3_P3_Kalyani_slates,187.0,Performer1_Sess1_Kalyani,0.140596108581873,2.7768509674603173e-05,Left,5063.149237370161,"(0.005807103174603175, -0.1693516746031746, 0.033939785714285714)",0.140596108581873
91,214.68057509824592,217.96088948528703,0.0,2.0,2018_11_13_am_Sec_3_P5_Todi_slates,187.0,Performer1_Sess1_Todi,0.00013205324381760204,0.20548935338907018,Right,1556.1098496974557,"(-0.059148048469387746, -0.14154988265306123, 0.05346517602040816)",0.20548935338907018
92,224.22148950445697,227.5018038914981,0.0,3.0,2018_11_13_am_Sec_3_P5_Todi_slates,187.0,Performer1_Sess1_Todi,0.0005891129867461928,0.17290202260064977,Right,293.4955203680496,"(-0.05956126395939087, -0.13945798984771574, 0.05311512182741116)",0.17290202260064977
93,30.40291383111281,33.41320233873286,0.0,4.0,2018_11_13_am_Sec_3_P5_Todi_slates,187.0,Performer1_Sess1_Todi,0.003410127996688889,0.003630947401666667,Right,1.0647539931616015,"(-0.045433411111111106, -0.14701147777777776, 0.05571739444444444)",0.003630947401666667
94,65.49627719735453,67.82650052717338,0.0,5.0,2018_11_13_am_Sec_3_P5_Todi_slates,187.0,Performer1_Sess1_Todi,0.0052502262185285704,0.015072775715985715,Right,2.870881194184051,"(-0.044058499999999994, -0.1445817642857143, 0.05776960714285713)",0.015072775715985715
95,17.401667784913254,19.69188728074379,0.0,6.0,2018_11_13_am_Sec_3_P5_Todi_slates,187.0,Performer1_Sess1_Todi,0.005886497098737226,0.03820826871824819,Right,6.4908328463195275,"(-0.04443324087591241, -0.14575268613138687, 0.006581481751824818)",0.03820826871824819
96,270.01587846257064,272.2560931659158,0.0,7.0,2018_11_13_am_Sec_3_P5_Todi_slates,187.0,Performer1_Sess1_Todi,0.03513624538810981,3.254810685280374e-05,Left,1079.517329441332,"(-0.04932378971962618, -0.13798841121495328, 0.038516588785046726)",0.03513624538810981
98,42.73409565800824,44.79429310840601,0.0,9.0,2018_11_13_am_Sec_3_P5_Todi_slates,187.0,Performer1_Sess1_Todi,0.0432087121962683,0.056835538803707314,Right,1.3153721996050578,"(-0.04325357723577236, -0.14669199186991866, 0.05304522764227642)",0.056835538803707314
108,51.19490654653502,55.86535416466979,0.0,2.0,2018_11_13_am_Sec_3_P8_Bilahari_B_slates,193.0,Performer1_Sess1_Bilahari,0.024518686728039286,0.05649547670735,Right,2.3041803720564866,"(-0.09082627142857143, -0.13261795714285712, 0.04150163571428571)",0.05649547670735
109,91.7287913351864,96.0892092399118,0.0,3.0,2018_11_13_am_Sec_3_P8_Bilahari_B_slates,193.0,Performer1_Sess1_Bilahari,0.03282905989574809,4.7914001316793905e-05,Left,685.1663186860887,"(-0.0924690572519084, -0.13219522900763359, 0.01871164885496183)",0.03282905989574809
110,99.28951595897632,103.05987731237418,0.0,4.0,2018_11_13_am_Sec_3_P8_Bilahari_B_slates,193.0,Performer1_Sess1_Bilahari,0.11651199025691594,0.00023158915196902656,Left,503.0977887621377,"(-0.09396527876106195, -0.13231477876106196, 0.01895115486725664)",0.11651199025691594
111,86.82832167161888,90.50867439854306,0.0,5.0,2018_11_13_am_Sec_3_P8_Bilahari_B_slates,193.0,Performer1_Sess1_Bilahari,0.11711203689026695,0.00015712700383710407,Left,745.333609311858,"(-0.0934771990950226, -0.13156856108597287, 0.01759693665158371)",0.11711203689026695
112,202.3593942298476,205.99974312278343,0.0,6.0,2018_11_13_am_Sec_3_P8_Bilahari_B_slates,193.0,Performer1_Sess1_Bilahari,0.046784825999454126,5.8126565009174306e-05,Left,804.8785609827438,"(-0.08289634862385321, -0.13300865137614679, 0.023787862385321098)",0.046784825999454126
113,230.43208473114152,233.71239911818265,0.0,7.0,2018_11_13_am_Sec_3_P8_Bilahari_B_slates,193.0,Performer1_Sess1_Bilahari,0.10377708341040104,8.447669645177664e-05,Left,1228.4699540735708,"(-0.07088283756345178, -0.13669907614213198, 0.02417545177664975)",0.10377708341040104
114,213.34044665963765,216.390739001246,0.0,8.0,2018_11_13_am_Sec_3_P8_Bilahari_B_slates,193.0,Performer1_Sess1_Bilahari,0.02594457537939891,2.3293642060109288e-05,Left,1113.8050165126124,"(-0.08310515846994536, -0.13519814207650274, 0.02710399453551912)",0.02594457537939891
115,239.38294258602508,242.3932310936451,0.0,9.0,2018_11_13_am_Sec_3_P8_Bilahari_B_slates,193.0,Performer1_Sess1_Bilahari,0.023130062902093924,3.5969804828729284e-05,Left,643.0411010631843,"(-0.07548632596685083, -0.13547481767955802, 0.026106309392265197)",0.023130062902093924
116,85.9682392408703,88.74850570305759,0.0,10.0,2018_11_13_am_Sec_3_P8_Bilahari_B_slates,193.0,Performer1_Sess1_Bilahari,0.05854431212467834,0.0001319131858630573,Left,443.80940193086377,"(-0.09314423566878981, -0.13129086624203823, 0.01893263375796178)",0.05854431212467834
117,65.27625611041886,67.96651394613245,0.0,11.0,2018_11_13_am_Sec_3_P8_Bilahari_B_slates,193.0,Performer1_Sess1_Bilahari,0.03745009367201863,0.05929779780874534,Right,1.5833818288430752,"(-0.09041812422360249, -0.13143516770186336, 0.05231111180124223)",0.05929779780874534
118,79.84765264065943,82.53791047637303,0.0,12.0,2018_11_13_am_Sec_3_P8_Bilahari_B_slates,193.0,Performer1_Sess1_Bilahari,0.014044758382244487,5.7393454845588234e-05,Left,244.7101053601078,"(-0.09196836029411765, -0.1320370073529412, 0.019307805147058824)",0.014044758382244487
119,63.69610466788075,66.34635866960605,0.0,13.0,2018_11_13_am_Sec_3_P8_Bilahari_B_slates,193.0,Performer1_Sess1_Bilahari,0.025786490106836476,0.03969118755961636,Right,1.539224120660512,"(-0.09065709433962263, -0.1317016289308176, 0.054244748427672955)",0.03969118755961636
121,153.2746899261957,155.56490942202623,0.0,15.0,2018_11_13_am_Sec_3_P8_Bilahari_B_slates,193.0,Performer1_Sess1_Bilahari,0.1686123497303212,4.7446895306569346e-05,Left,3553.70669968738,"(-0.07878362043795623, -0.13414231386861314, 0.02319418248175182)",0.1686123497303212
122,105.14007667976612,107.7903306814914,0.0,16.0,2018_11_13_am_Sec_3_P8_Bilahari_B_slates,193.0,Performer1_Sess1_Bilahari,0.015778726096220125,0.0210726988348805,Right,1.3355133175122782,"(-0.09171238993710693, -0.13453272955974843, -0.0147521572327044)",0.0210726988348805
123,112.20075337870216,114.53097670852102,0.0,17.0,2018_11_13_am_Sec_3_P8_Bilahari_B_slates,193.0,Performer1_Sess1_Bilahari,0.07028115376585611,0.08909322030875538,Right,1.2676687210567468,"(-0.09370307913669064, -0.1313876690647482, 0.05165623741007195)",0.08909322030875538
124,66.6663893415125,68.90660404485764,0.0,18.0,2018_11_13_am_Sec_3_P8_Bilahari_B_slates,193.0,Performer1_Sess1_Bilahari,0.03365479111753334,0.0462032472917111,Right,1.3728579425840002,"(-0.09011542222222223, -0.1317088148148148, 0.04600844444444445)",0.0462032472917111
126,99.19950733250262,101.34971340937408,0.0,20.0,2018_11_13_am_Sec_3_P8_Bilahari_B_slates,193.0,Performer1_Sess1_Bilahari,0.09473501720244962,9.725859206976744e-05,Left,974.0529364695352,"(-0.0941366434108527, -0.13263227131782948, 0.018135217054263568)",0.09473501720244962
127,236.51266749736408,238.71287836672093,0.0,21.0,2018_11_13_am_Sec_3_P8_Bilahari_B_slates,193.0,Performer1_Sess1_Bilahari,0.053593922858045456,6.010230946969696e-05,Left,891.7115387232669,"(-0.07599712878787879, -0.13627908333333333, 0.027563257575757574)",0.053593922858045456
134,75.16720406402759,79.11758267037284,0.0,1.0,2018_11_13_am_Sec_4_P1_Atana_slatesB,193.0,Performer1_Sess1_Atana,0.1138719748342827,0.00012495051566244723,Left,911.3365737673855,"(0.12350972151898733, -0.1423060253164557, 0.022864497890295356)",0.1138719748342827
135,69.45665676219686,73.3670315345538,0.0,2.0,2018_11_13_am_Sec_4_P1_Atana_slatesB,193.0,Performer1_Sess1_Atana,0.10650188315464681,7.982753439574469e-05,Left,1334.1497261667153,"(0.12426529361702128, -0.1410182170212766, 0.02365126808510638)",0.10650188315464681
136,86.36827758075336,90.09863510016292,0.0,3.0,2018_11_13_am_Sec_4_P1_Atana_slatesB,193.0,Performer1_Sess1_Atana,0.18779200851570851,0.0001607854226278027,Left,1167.9666318408886,"(0.12437051569506725, -0.14232874439461884, 0.02582098206278027)",0.18779200851570851
140,94.10901945749065,96.97929454615162,0.0,7.0,2018_11_13_am_Sec_4_P1_Atana_slatesB,193.0,Performer1_Sess1_Atana,0.1046765363688198,7.505483178488372e-05,Left,1394.6675234558581,"(0.1231483023255814, -0.14286688953488375, 0.02501887790697674)",0.1046765363688198
142,108.41039010831015,111.01063931755006,0.0,9.0,2018_11_13_am_Sec_4_P1_Atana_slatesB,193.0,Performer1_Sess1_Atana,0.07224545618083973,3.04556013525641e-05,Left,2372.15661396741,"(0.12135853205128204, -0.14187179487179485, 0.021806942307692305)",0.07224545618083973
143,37.20356560912489,39.76381098437649,0.0,10.0,2018_11_13_am_Sec_4_P1_Atana_slatesB,193.0,Performer1_Sess1_Atana,0.11979873277328758,0.14382482621575818,Right,1.2005538196129224,"(0.12037612418300653, -0.14338112418300653, 0.05005236601307189)",0.14382482621575818
144,60.6858161602607,63.55609124892168,0.0,11.0,2018_11_13_am_Sec_4_P1_Atana_slatesB,193.0,Performer1_Sess1_Atana,0.17432898657275,0.00017596213461627903,Left,990.7187529459652,"(0.12290399418604653, -0.1412177906976744, 0.021799034883720928)",0.17432898657275
145,92.978911147321,95.4891517300872,0.0,12.0,2018_11_13_am_Sec_4_P1_Atana_slatesB,193.0,Performer1_Sess1_Atana,0.08170376992145695,6.783436228476821e-05,Left,1204.4599104280667,"(0.1237921390728477, -0.14252551655629137, 0.02382826490066225)",0.08170376992145695
146,40.70390108310169,43.12413303939422,0.0,13.0,2018_11_13_am_Sec_4_P1_Atana_slatesB,193.0,Performer1_Sess1_Atana,0.08651282665828966,0.1776606075023793,Right,2.0535753409619506,"(0.1209189724137931, -0.1442475034482759, 0.023483248275862068)",0.1776606075023793
147,81.91785104955429,84.11806191891114,0.0,14.0,2018_11_13_am_Sec_4_P1_Atana_slatesB,193.0,Performer1_Sess1_Atana,0.317902820010856,4.338776642424243e-05,Left,7327.015106111371,"(0.12345437121212122, -0.14245925757575756, 0.02116021212121212)",0.317902820010856
148,113.49087702482504,115.6910878941819,0.0,15.0,2018_11_13_am_Sec_4_P1_Atana_slatesB,193.0,Performer1_Sess1_Atana,0.10301771176999241,5.6417522628787875e-05,Left,1825.9878663553034,"(0.12249160606060605, -0.14077221212121213, 0.020525598484848487)",0.10301771176999241
149,22.892193999808296,25.04240007667976,0.0,16.0,2018_11_13_am_Sec_4_P1_Atana_slatesB,193.0,Performer1_Sess1_Atana,0.23287367261703878,0.1884428990026744,Left,1.2357784445554183,"(0.11748753488372093, -0.14508079069767443, 0.04697794573643411)",0.23287367261703878
161,164.65578069586886,170.2263145787405,0.0,0.0,2018_11_13_pm_Sec_1_P1_Varaali_slates,193.0,Performer1_Sess2_Varali,0.05303480132366767,0.11229157502873652,Right,2.117318670497678,"(0.2072908622754491, 0.19928612275449104, 0.0629586377245509)",0.11229157502873652
162,136.44307677561582,141.6535761525927,0.0,1.0,2018_11_13_pm_Sec_1_P1_Varaali_slates,193.0,Performer1_Sess2_Varali,0.049341644625757186,0.06801184582094569,Right,1.378386276679605,"(0.2032489680511182, 0.1984669233226837, 0.06551481469648564)",0.06801184582094569
163,175.72684175213263,179.85723761142526,0.0,2.0,2018_11_13_pm_Sec_1_P1_Varaali_slates,193.0,Performer1_Sess2_Varali,0.025603848775189515,0.03290028472270161,Right,1.2849741853881922,"(0.2054493629032258, 0.19728556451612903, 0.06380196774193549)",0.03290028472270161
164,166.90599635771108,170.2263145787405,0.0,3.0,2018_11_13_pm_Sec_1_P1_Varaali_slates,193.0,Performer1_Sess2_Varali,0.037265765346110556,0.064510498899402,Right,1.731092822064769,"(0.20681936683417088, 0.1986556582914573, 0.06399833165829145)",0.064510498899402
165,194.16860922074184,197.48892744177127,0.0,4.0,2018_11_13_pm_Sec_1_P1_Varaali_slates,193.0,Performer1_Sess2_Varali,0.028542822376331656,0.045696484841462305,Right,1.6009798974664415,"(0.21156861809045224, 0.1985637688442211, 0.058481834170854265)",0.045696484841462305
166,180.6273114157001,183.85762101025588,0.0,5.0,2018_11_13_pm_Sec_1_P1_Varaali_slates,193.0,Performer1_Sess2_Varali,0.04394843273389691,0.03951365211803093,Left,1.1122341362579922,"(0.21023480412371132, 0.19943310824742266, 0.037592108247422686)",0.04394843273389691
167,96.769274417713,99.68955429885936,0.0,6.0,2018_11_13_pm_Sec_1_P1_Varaali_slates,193.0,Performer1_Sess2_Varali,0.023780272236822855,0.024545532707902856,Right,1.0321804756252968,"(0.21240230285714287, 0.20019238285714291, 0.05882169714285715)",0.024545532707902856
168,158.67520751461706,161.45547397680434,0.0,7.0,2018_11_13_pm_Sec_1_P1_Varaali_slates,193.0,Performer1_Sess2_Varali,0.15174042921823952,0.13543072929989222,Left,1.1204283547955485,"(0.20537478443113774, 0.19946405389221555, 0.044739017964071856)",0.15174042921823952
169,201.9493549314674,204.45959551423363,0.0,8.0,2018_11_13_pm_Sec_1_P1_Varaali_slates,193.0,Performer1_Sess2_Varali,0.03178276216529801,0.025663623848205294,Left,1.238436253324397,"(0.21133528476821192, 0.1971719668874172, 0.00017582781456953545)",0.03178276216529801
170,153.72473305856414,156.19496980734206,0.0,9.0,2018_11_13_pm_Sec_1_P1_Varaali_slates,193.0,Performer1_Sess2_Varali,0.3421039851943446,0.3389312125453243,Left,1.0093611108436817,"(0.20162608783783784, 0.19833075675675677, 0.048556743243243244)",0.3421039851943446
171,106.93024825074282,109.35048020703536,0.0,10.0,2018_11_13_pm_Sec_1_P1_Varaali_slates,193.0,Performer1_Sess2_Varali,0.003583059839157534,0.02127990641758904,Right,5.939031825545084,"(0.2114128904109589, 0.1986507808219178, 0.05712085616438355)",0.02127990641758904
172,175.45681587271156,177.87704782900408,0.0,11.0,2018_11_13_pm_Sec_1_P1_Varaali_slates,193.0,Performer1_Sess2_Varali,0.02922063947964828,0.033098252189993106,Right,1.1327011584755196,"(0.20536256551724139, 0.19721769655172416, 0.06263771724137931)",0.033098252189993106
173,108.33038244033354,110.350576056743,0.0,12.0,2018_11_13_pm_Sec_1_P1_Varaali_slates,193.0,Performer1_Sess2_Varali,0.09229384079184426,0.11555581476485247,Right,1.2520425390625178,"(0.21153086885245898, 0.19832887704918029, 0.05325095901639344)",0.11555581476485247
179,140.00341800057507,142.78368446276235,0.0,0.0,2018_11_13_pm_Sec_2_P1_Kalyani_slates,193.0,Performer1_Sess2_Kalyani,0.09577275136411047,0.00012373924040310076,Left,773.9885185339356,"(0.1883532093023256, 0.11076927519379846, -0.0004036666666666669)",0.09577275136411047
180,128.0822754720598,130.7725333077734,0.0,1.0,2018_11_13_pm_Sec_2_P1_Kalyani_slates,193.0,Performer1_Sess2_Kalyani,0.05875788892231667,0.00011258975155833334,Left,521.8759976734996,"(0.18808412916666667, 0.10915969583333333, 0.0007507458333333333)",0.05875788892231667
181,143.24372855362788,145.57395188344674,0.0,2.0,2018_11_13_pm_Sec_2_P1_Kalyani_slates,193.0,Performer1_Sess2_Kalyani,0.2120310223995116,0.0002209337324299065,Left,959.7041613678465,"(0.18800855607476635, 0.1107102523364486, -0.002348303738317757)",0.2120310223995116
182,134.33287453273266,136.35306814914213,0.0,3.0,2018_11_13_pm_Sec_2_P1_Kalyani_slates,193.0,Performer1_Sess2_Kalyani,0.13718157662612654,0.00015727706958433736,Left,872.2287170576069,"(0.18873353614457833, 0.1111178373493976, -0.00011453012048192771)",0.13718157662612654
189,65.7663030767756,70.48675548739575,0.0,1.0,2018_11_13_pm_Sec_3_P1_Todi_A_slates,193.0,Performer1_Sess2_TodiA,0.06489755042270423,0.0002765813530950704,Left,234.6418140502651,"(-0.036682841549295776, 0.09427894366197183, 0.038295327464788725)",0.06489755042270423
190,33.28318987827087,36.78352535224767,0.0,2.0,2018_11_13_pm_Sec_3_P1_Todi_A_slates,193.0,Performer1_Sess2_TodiA,0.039220698612729865,0.0001639943238957346,Left,239.15887867964173,"(-0.04927801895734597, 0.1032985924170616, 0.018044298578199055)",0.039220698612729865
191,132.04265503690212,136.26305952266844,0.0,3.0,2018_11_13_pm_Sec_3_P1_Todi_A_slates,193.0,Performer1_Sess2_TodiA,0.059849113999367584,0.00020626218368774703,Left,290.16038194364813,"(-0.01603389328063241, 0.08314039130434782, 0.040947209486166015)",0.059849113999367584
192,60.59580753378701,63.876121920828126,0.0,4.0,2018_11_13_pm_Sec_3_P1_Todi_A_slates,193.0,Performer1_Sess2_TodiA,0.05926262954061421,0.00020649991468527922,Left,286.98621803759454,"(-0.04271577664974619, 0.09669236040609139, 0.037926807106598986)",0.05926262954061421
193,82.99795456723855,86.0982517013323,0.0,5.0,2018_11_13_pm_Sec_3_P1_Todi_A_slates,193.0,Performer1_Sess2_TodiA,0.06994102666987635,0.00014727062927419354,Left,474.9149712646215,"(-0.03146417741935484, 0.09350466666666668, 0.03902055913978495)",0.06994102666987635
194,21.9521039010831,25.322426914597905,0.0,6.0,2018_11_13_pm_Sec_3_P1_Todi_A_slates,193.0,Performer1_Sess2_TodiA,0.04363144699745544,5.96137153960396e-05,Left,731.902829870491,"(-0.04622486138613861, 0.10408813861386139, 0.01713898514851485)",0.04363144699745544
195,79.03757500239622,81.72783283810983,0.0,7.0,2018_11_13_pm_Sec_3_P1_Todi_A_slates,193.0,Performer1_Sess2_TodiA,0.09297989326282609,0.0001786343638757764,Left,520.5039570520987,"(-0.03366978881987577, 0.09175582608695652, 0.03912755900621118)",0.09297989326282609
196,149.54433240678614,152.2345902424997,0.0,8.0,2018_11_13_pm_Sec_3_P1_Todi_A_slates,193.0,Performer1_Sess2_TodiA,0.06285189769403704,0.0006816176250617283,Left,92.20990682033064,"(-0.028187555555555556, -0.1326812160493827, 0.036006969135802466)",0.06285189769403704
197,171.04639317550078,173.6466423847407,0.0,9.0,2018_11_13_pm_Sec_3_P1_Todi_A_slates,193.0,Performer1_Sess2_TodiA,0.10006473712892948,9.408302427564103e-05,Left,1063.5790877189859,"(-0.008496698717948718, -0.1075691153846154, 0.045632429487179486)",0.10006473712892948
198,72.02690309594554,74.53714367871177,0.0,10.0,2018_11_13_pm_Sec_3_P1_Todi_A_slates,193.0,Performer1_Sess2_TodiA,0.06975322725847018,0.0001148181131192053,Left,607.5106563199805,"(-0.03438322516556291, 0.09339829801324503, 0.03776740397350994)",0.06975322725847018
199,57.675527652640646,60.14576440141857,0.0,11.0,2018_11_13_pm_Sec_3_P1_Todi_A_slates,193.0,Performer1_Sess2_TodiA,0.03171782785898649,0.00022852250643243247,Left,138.79520382542512,"(-0.04678948648648649, 0.10083588513513513, 0.037367135135135135)",0.03171782785898649
201,131.09256397967982,133.4227873094987,0.0,13.0,2018_11_13_pm_Sec_3_P1_Todi_A_slates,193.0,Performer1_Sess2_TodiA,0.010002395527542856,0.00029959856049285714,Left,33.385993280769874,"(-0.015105264285714284, 0.08300864999999999, 0.03852549285714286)",0.010002395527542856
202,23.162219879229365,25.312425956100828,0.0,14.0,2018_11_13_pm_Sec_3_P1_Todi_A_slates,193.0,Performer1_Sess2_TodiA,0.06543175810813953,6.598715915503877e-05,Left,991.583195063841,"(-0.046029201550387595, 0.10424906976744186, 0.017167217054263568)",0.06543175810813953
203,123.8918738617847,126.04207993865616,0.0,15.0,2018_11_13_pm_Sec_3_P1_Todi_A_slates,193.0,Performer1_Sess2_TodiA,0.025421804913193798,0.00021873303337209305,Left,116.22297977255239,"(-0.01637846511627907, 0.08383554263565891, 0.04096038759689922)",0.025421804913193798
204,172.21650531965875,174.3667113965302,0.0,16.0,2018_11_13_pm_Sec_3_P1_Todi_A_slates,193.0,Performer1_Sess2_TodiA,0.10320285150766922,0.00025023479341538467,Left,412.4240682084309,"(-0.009183853846153849, -0.10762818461538462, 0.04441103076923077)",0.10320285150766922
205,175.67683695964723,177.82704303651872,0.0,17.0,2018_11_13_pm_Sec_3_P1_Todi_A_slates,193.0,Performer1_Sess2_TodiA,0.11703152291389923,0.0003045156422325581,Left,384.32023411303925,"(-0.009331558139534884, -0.10894525581395348, 0.043812302325581386)",0.11703152291389923
206,166.14592351193326,168.20612096233103,0.0,18.0,2018_11_13_pm_Sec_3_P1_Todi_A_slates,193.0,Performer1_Sess2_TodiA,0.024756063989403224,0.0004253717676129031,Left,58.198653211822325,"(-0.008481661290322582, -0.11100296774193548, 0.03842436290322581)",0.024756063989403224
208,36.84353110323013,38.8637247196396,0.0,20.0,2018_11_13_pm_Sec_3_P1_Todi_A_slates,193.0,Performer1_Sess2_TodiA,0.06689463197438016,5.3282730421487605e-05,Left,1255.4655409964353,"(-0.04806390082644628, 0.10400743801652894, 0.014854223140495868)",0.06689463197438016
209,143.2837323876162,145.30392600402567,0.0,21.0,2018_11_13_pm_Sec_3_P1_Todi_A_slates,193.0,Performer1_Sess2_TodiA,0.03671680397930578,0.00014377204910743802,Left,255.3820732698053,"(-0.014119809917355373, 0.07783576859504132, 0.03734657851239669)",0.03671680397930578
222,99.509537045912,101.56973449630976,0.0,34.0,2018_11_13_pm_Sec_3_P1_Todi_A_slates,193.0,Performer1_Sess2_TodiA,0.02256353704975,0.0001198711511532258,Left,188.23158727247113,"(-0.02663275, 0.09251370967741936, 0.03697262096774194)",0.02256353704975
226,250.9440506086456,255.434480973833,0.0,0.0,2018_11_13_pm_Sec_4_P1_Shankara_slates,193.0,Performer1_Sess2_Shankarabharanam,0.10474509592774814,0.00011772863730370369,Left,889.7163708566336,"(-0.07979638888888889, -0.030094377777777778, 0.02051038888888889)",0.10474509592774814
227,256.0245375251605,260.2949468034122,0.0,1.0,2018_11_13_pm_Sec_4_P1_Shankara_slates,193.0,Performer1_Sess2_Shankarabharanam,0.028353814106777342,5.458378035546875e-05,Left,519.4549355527841,"(-0.08007075390625, -0.031286617187500004, 0.0221300703125)",0.028353814106777342
228,122.68175788363844,126.18209335761524,0.0,2.0,2018_11_13_pm_Sec_4_P1_Shankara_slates,193.0,Performer1_Sess2_Shankarabharanam,0.060854602903628575,0.00043219802368095234,Left,140.80259411031298,"(-0.0879455380952381, -0.013389752380952382, -0.0005650619047619048)",0.060854602903628575
229,83.447997699607,86.76831592063643,0.0,3.0,2018_11_13_pm_Sec_4_P1_Shankara_slates,193.0,Performer1_Sess2_Shankarabharanam,0.014291797240475,5.4752450740000005e-05,Left,261.0257083895967,"(-0.09329197, -0.012941910000000001, -0.003215205)",0.014291797240475
231,101.30970957538578,104.5000153359532,0.0,5.0,2018_11_13_pm_Sec_4_P1_Shankara_slates,193.0,Performer1_Sess2_Shankarabharanam,0.0068230230411875,0.01746635891278125,Right,2.559914983042671,"(-0.09418083333333332, -0.014340713541666666, 0.06081688020833333)",0.01746635891278125
233,189.75818652353107,192.44844435924463,0.0,7.0,2018_11_13_pm_Sec_4_P1_Shankara_slates,193.0,Performer1_Sess2_Shankarabharanam,0.050364635152546584,9.35947152484472e-05,Left,538.1140913656678,"(-0.07338700000000001, -0.01695465838509317, 0.01694964596273292)",0.050364635152546584
234,59.735725103038426,62.33597431227834,0.0,8.0,2018_11_13_pm_Sec_4_P1_Shankara_slates,193.0,Performer1_Sess2_Shankarabharanam,0.008434362600147436,0.01581089501705769,Right,1.8745808980018608,"(-0.09470785256410257, -0.015271987179487178, 0.06044892307692308)",0.01581089501705769
236,192.228423272309,194.5186427681396,0.0,10.0,2018_11_13_pm_Sec_4_P1_Shankara_slates,193.0,Performer1_Sess2_Shankarabharanam,0.04757643781830434,0.0001388610486231884,Left,342.61903024661126,"(-0.07284794202898551, -0.01811686956521739, 0.01387336231884058)",0.04757643781830434
237,78.27750215661841,80.51771685996356,0.0,11.0,2018_11_13_pm_Sec_4_P1_Shankara_slates,193.0,Performer1_Sess2_Shankarabharanam,0.09185947877939259,3.9837623614814815e-05,Left,2305.8473484154283,"(-0.0936703851851852, -0.013641992592592593, -0.004367007407407408)",0.09185947877939259
238,85.38818364803986,87.62839835138502,0.0,12.0,2018_11_13_pm_Sec_4_P1_Shankara_slates,193.0,Performer1_Sess2_Shankarabharanam,0.012316169960253733,5.1335372097014925e-05,Left,239.91586029567125,"(-0.09401069402985074, -0.012894380597014924, -0.0024743507462686573)",0.012316169960253733
239,57.17547972778682,59.37569059714367,0.0,13.0,2018_11_13_pm_Sec_4_P1_Shankara_slates,193.0,Performer1_Sess2_Shankarabharanam,0.014137656757931818,0.01978448442313636,Right,1.399417510404363,"(-0.09460639393939395, -0.01527219696969697, 0.06234019696969697)",0.01978448442313636
240,86.55829579219781,88.75850666155466,0.0,14.0,2018_11_13_pm_Sec_4_P1_Shankara_slates,193.0,Performer1_Sess2_Shankarabharanam,0.005189996901659092,5.7389229068181824e-05,Left,90.43503434229908,"(-0.09428009090909091, -0.012757030303030303, -0.0023239772727272723)",0.005189996901659092
244,61.17586312661745,63.28606536950061,0.0,18.0,2018_11_13_pm_Sec_4_P1_Shankara_slates,193.0,Performer1_Sess2_Shankarabharanam,0.026977849304377955,0.056464335170000005,Right,2.092988752844616,"(-0.09503075590551184, -0.015189637795275593, 0.0609521811023622)",0.056464335170000005
249,231.24216236940472,233.62239049170896,0.0,23.0,2018_11_13_pm_Sec_4_P1_Shankara_slates,193.0,Performer1_Sess2_Shankarabharanam,0.058635346770678325,5.922972198601399e-05,Left,989.9649163391985,"(-0.07291457342657344, -0.024293720279720283, 0.01964823776223776)",0.058635346770678325
256,181.65741014089903,185.20775040736123,0.0,0.0,2018_11_13_pm_Sec_5_P1_Bilahari_slates,193.0,Performer1_Sess2_Bilahari,0.05403137433215024,0.0006575240126197184,Left,82.17399409776309,"(0.008141596244131456, -0.08761928169014083, 0.0739367558685446)",0.05403137433215024
257,147.1140994919965,150.61443496597332,0.0,1.0,2018_11_13_pm_Sec_5_P1_Bilahari_slates,193.0,Performer1_Sess2_Bilahari,0.03348841593170952,4.318014580952381e-06,Left,7755.512470808591,"(-0.0021542238095238093, -0.08881527142857143, 0.06783406666666666)",0.03348841593170952
258,152.32459886897342,155.69492188248822,0.0,2.0,2018_11_13_pm_Sec_5_P1_Bilahari_slates,193.0,Performer1_Sess2_Bilahari,0.04706549831712376,4.257197014851486e-06,Left,11055.51332318729,"(-0.005336663366336634, -0.0893095, 0.06624372277227723)",0.04706549831712376
259,185.2577551998466,188.44806096041404,0.0,3.0,2018_11_13_pm_Sec_5_P1_Bilahari_slates,193.0,Performer1_Sess2_Bilahari,0.06506215946605236,0.0008016011943664923,Left,81.16524766092842,"(0.0076962565445026195, -0.08686904712041885, 0.07016618324607331)",0.06506215946605236
260,43.86420396817789,46.60446659637688,0.0,4.0,2018_11_13_pm_Sec_5_P1_Bilahari_slates,193.0,Performer1_Sess2_Bilahari,0.030202206655060605,0.049887397299254545,Right,1.651779880490803,"(0.02950723636363636, -0.05615244848484848, 0.057353799999999996)",0.049887397299254545
261,136.35306814914213,139.04332598485573,0.0,5.0,2018_11_13_pm_Sec_5_P1_Bilahari_slates,193.0,Performer1_Sess2_Bilahari,0.10982825164427328,7.050543484472049e-06,Left,15577.27455850126,"(0.001316031055900621, -0.08808834782608695, 0.07204368944099379)",0.10982825164427328
262,121.87168024537525,124.52193424710052,0.0,6.0,2018_11_13_pm_Sec_5_P1_Bilahari_slates,193.0,Performer1_Sess2_Bilahari,0.19800941115996226,2.916716188050315e-05,Left,6788.7788318657795,"(0.004199559748427673, -0.08145196226415095, 0.07570759119496855)",0.19800941115996226
263,24.6023579028084,27.56264161794306,0.0,7.0,2018_11_13_pm_Sec_5_P1_Bilahari_slates,193.0,Performer1_Sess2_Bilahari,0.05678670164638984,0.07278448237123164,Right,1.281717026364021,"(0.028616672316384182, -0.05811901129943503, 0.056466158192090395)",0.07278448237123164
264,98.83947282660786,101.43972203584777,0.0,8.0,2018_11_13_pm_Sec_5_P1_Bilahari_slates,193.0,Performer1_Sess2_Bilahari,0.22393538842394234,6.067266839743589e-06,Left,36908.775291875274,"(0.012754365384615385, -0.07055814743589743, 0.07639223076923077)",0.22393538842394234
265,68.91660500335473,71.15681970669988,0.0,9.0,2018_11_13_pm_Sec_5_P1_Bilahari_slates,193.0,Performer1_Sess2_Bilahari,0.08738915503654072,0.08067029207905926,Left,1.083287946334653,"(0.03224237777777778, -0.05642158518518518, 0.05749961481481482)",0.08738915503654072
268,45.07431994632415,47.31453464966931,0.0,12.0,2018_11_13_pm_Sec_5_P1_Bilahari_slates,193.0,Performer1_Sess2_Bilahari,0.05922999323734329,0.06970096439047761,Right,1.1767849459508732,"(0.0297969104477612, -0.05607003731343283, 0.05700276865671641)",0.06970096439047761
280,69.54666538867055,72.82697977571166,0.0,0.0,2018_11_15_Sec_10_P1_Atana_slates,198.0,Performer2_Sess1_Atana,0.0832081426763553,0.0004525284483857869,Left,183.87383814910834,"(0.7540579390862945, 1.3390503197969543, -0.027688208121827415)",0.0832081426763553
282,96.13921403239718,98.42943352822772,0.0,2.0,2018_11_15_Sec_10_P1_Atana_slates,198.0,Performer2_Sess1_Atana,0.20426249879346714,0.0023125684252481753,Left,88.3271156707705,"(0.7595544160583941, 1.3360635693430656, -0.0170018905109489)",0.20426249879346714
283,265.9254864372664,268.1657011406115,0.0,3.0,2018_11_15_Sec_10_P1_Atana_slates,198.0,Performer2_Sess1_Atana,0.08022092602076866,0.00035517953944029854,Left,225.86021184436174,"(0.7877679402985074, 1.329513567164179, -0.013155447761194029)",0.08022092602076866
284,163.2656474647752,165.41585354164667,0.0,4.0,2018_11_15_Sec_10_P1_Atana_slates,198.0,Performer2_Sess1_Atana,0.24438554434286044,0.0025284027974728685,Left,96.65609632576071,"(0.7644323798449613, 1.3324412713178295, -0.014852209302325581)",0.24438554434286044
285,103.24989552381864,105.3100929742164,0.0,5.0,2018_11_15_Sec_10_P1_Atana_slates,198.0,Performer2_Sess1_Atana,0.13653501407310484,0.001096453954048387,Left,124.52416589769486,"(0.7667977661290323, 1.3333655241935483, -0.02279660483870968)",0.13653501407310484
296,374.12585641713787,376.63609699990405,0.0,0.0,2018_11_15_Sec_12_P1_Kalyani_slates,198.0,Performer2_Sess1_Kalyani,0.010025787171165562,3.440864558940397e-05,Left,291.3740718191178,"(0.8574156026490065, 1.34910840397351, -0.006782119205298015)",0.010025787171165562
297,92.7588900603853,95.08911339020416,0.0,1.0,2018_11_15_Sec_12_P1_Kalyani_slates,198.0,Performer2_Sess1_Kalyani,0.05796540464090195,0.0003018099144803922,Left,192.0593123678441,"(0.8693734999999998, 1.34180974509804, -0.006680117647058823)",0.05796540464090195
298,45.97440621106104,48.174617080417896,0.0,2.0,2018_11_15_Sec_12_P1_Kalyani_slates,198.0,Performer2_Sess1_Kalyani,0.10854626087178788,0.0004572519763257576,Left,237.38828149855135,"(0.8689733333333334, 1.3485189772727273, -0.02261342424242424)",0.10854626087178788
299,162.585582286974,164.78579315633084,0.0,3.0,2018_11_15_Sec_12_P1_Kalyani_slates,198.0,Performer2_Sess1_Kalyani,0.00042043597225000005,0.18705224151003785,Right,444.90065992453344,"(0.8516975530303031, 1.3450963181818183, 0.004586924242424242)",0.18705224151003785
301,277.53659925237224,279.68680532924367,0.0,5.0,2018_11_15_Sec_12_P1_Kalyani_slates,198.0,Performer2_Sess1_Kalyani,0.11706325219731784,0.0005528235379224806,Left,211.7551879886362,"(0.8446007364341086, 1.3429339767441864, -0.00337184496124031)",0.11706325219731784
302,292.78806096041404,294.8982632032972,0.0,6.0,2018_11_15_Sec_12_P1_Kalyani_slates,198.0,Performer2_Sess1_Kalyani,0.19402754675711112,0.0015045870859444444,Left,128.95733890691884,"(0.8497731587301588, 1.3449724285714284, -0.005547555555555554)",0.19402754675711112
303,165.33584587367005,167.39604332406782,0.0,7.0,2018_11_15_Sec_12_P1_Kalyani_slates,198.0,Performer2_Sess1_Kalyani,0.0003965145243252033,0.3325091841964553,Right,838.5800867252627,"(0.851066056910569, 1.34348881300813, 0.002917211382113821)",0.3325091841964553
304,148.6842499760375,150.74444742643533,0.0,8.0,2018_11_15_Sec_12_P1_Kalyani_slates,198.0,Performer2_Sess1_Kalyani,0.0006026423187317073,0.03392020430913008,Right,56.285798814323144,"(0.8509877317073171, 1.3492547479674797, -0.002628170731707317)",0.03392020430913008
305,333.64197642097184,335.6621700373813,0.0,9.0,2018_11_15_Sec_12_P1_Kalyani_slates,198.0,Performer2_Sess1_Kalyani,0.13716796436647108,0.0012640216215537188,Left,108.5171028940676,"(0.8525054462809918, 1.3444026611570248, -0.005097247933884297)",0.13716796436647108
306,296.3884060193616,298.40859963577105,0.0,10.0,2018_11_15_Sec_12_P1_Kalyani_slates,198.0,Performer2_Sess1_Kalyani,0.2620072880311983,0.001219534959710744,Left,214.84196573859813,"(0.8498896859504133, 1.345817876033058, -0.011293628099173553)",0.2620072880311983
308,263.18522380906734,265.2054174254768,0.0,12.0,2018_11_15_Sec_12_P1_Kalyani_slates,198.0,Performer2_Sess1_Kalyani,0.07671380962893388,0.0005545253115041322,Left,138.34140306571422,"(0.8441377685950413, 1.3434978016528925, -0.009151677685950413)",0.07671380962893388
324,180.3172817022908,184.8077120674781,0.0,0.0,2018_11_15_Sec_13_P1_Bhairavi_slates,198.0,Performer2_Sess1_Bhairavi,0.09590756764026022,0.0005342980869479555,Left,179.50198584484605,"(1.0935420334572492, 1.5256341040892194, -0.03833851672862453)",0.09590756764026022
325,234.26245183552183,238.3028390683408,0.0,1.0,2018_11_15_Sec_13_P1_Bhairavi_slates,198.0,Performer2_Sess1_Bhairavi,0.0772169827600823,0.0003777416857407408,Left,204.41742512124915,"(1.0841532757201646, 1.5274178724279837, -0.025367942386831276)",0.0772169827600823
326,127.8622543851241,131.05256014569153,0.0,2.0,2018_11_15_Sec_13_P1_Bhairavi_slates,198.0,Performer2_Sess1_Bhairavi,0.04117173346510938,0.00023138140783333333,Left,177.93881475025793,"(1.09245903125, 1.5259072708333334, -0.017434135416666666)",0.04117173346510938
328,357.5742701044761,360.98459695197926,0.0,4.0,2018_11_15_Sec_13_P1_Bhairavi_slates,198.0,Performer2_Sess1_Bhairavi,0.07916150836976096,0.10887267187069757,Right,1.3753233624876964,"(1.1028971170731707, 1.5226394731707316, -0.006768678048780489)",0.10887267187069757
329,218.470938368638,221.2112009968369,0.0,5.0,2018_11_15_Sec_13_P1_Bhairavi_slates,198.0,Performer2_Sess1_Bhairavi,0.11726866073916463,0.0006149792734390243,Left,190.68717565615958,"(1.0917791707317073, 1.5256248475609755, -0.011577512195121951)",0.11726866073916463
331,118.54136106584872,121.19161506757402,0.0,7.0,2018_11_15_Sec_13_P1_Bhairavi_slates,198.0,Performer2_Sess1_Bhairavi,0.0997789569458239,0.0005210032332389936,Left,191.51312425743333,"(1.0921352264150945, 1.5276479559748424, -0.03524934591194969)",0.0997789569458239
332,122.68175788363844,125.28200709287836,0.0,8.0,2018_11_15_Sec_13_P1_Bhairavi_slates,198.0,Performer2_Sess1_Bhairavi,0.14436299423908974,0.0005983713534551282,Left,241.25986881809425,"(1.0925620833333334, 1.527483346153846, -0.05110033974358974)",0.14436299423908974
334,182.5174925716476,185.02773315441385,0.0,10.0,2018_11_15_Sec_13_P1_Bhairavi_slates,198.0,Performer2_Sess1_Bhairavi,0.10680702496517999,0.0007377223836733333,Left,144.779428317407,"(1.0927678733333335, 1.5246242533333332, -0.04788344)",0.10680702496517999
335,372.33568484616114,374.93593405540105,0.0,11.0,2018_11_15_Sec_13_P1_Bhairavi_slates,198.0,Performer2_Sess1_Bhairavi,0.10582764651071798,0.0005255975457371796,Left,201.34729960028423,"(1.109429391025641, 1.524169903846154, -0.01585153205128205)",0.10582764651071798
336,310.01971245087697,312.5799578261286,0.0,12.0,2018_11_15_Sec_13_P1_Bhairavi_slates,198.0,Performer2_Sess1_Bhairavi,0.24393265607205883,0.001675234936980392,Left,145.6110129315635,"(1.0950041960784314, 1.525738614379085, -0.03950275163398692)",0.24393265607205883
337,209.96012268762576,212.3803546439183,0.0,13.0,2018_11_15_Sec_13_P1_Bhairavi_slates,198.0,Performer2_Sess1_Bhairavi,0.11510333964567586,0.0006128444173034483,Left,187.8182070290162,"(1.0933441379310345, 1.527385524137931, -0.012893875862068967)",0.11510333964567586
338,359.15442154701424,361.6646621297804,0.0,14.0,2018_11_15_Sec_13_P1_Bhairavi_slates,198.0,Performer2_Sess1_Bhairavi,0.11392642199456002,0.0056988806365800004,Left,19.9910174049424,"(1.1043225666666665, 1.5222453733333332, -0.02815874666666667)",0.11392642199456002
339,352.7638090673823,354.8740113102654,0.0,15.0,2018_11_15_Sec_13_P1_Bhairavi_slates,198.0,Performer2_Sess1_Bhairavi,0.06334332003421259,0.000283414403023622,Left,223.5007090621751,"(1.1017563622047244, 1.5238333622047247, -0.010593220472440948)",0.06334332003421259
340,251.2240774465637,253.51429694239428,0.0,16.0,2018_11_15_Sec_13_P1_Bhairavi_slates,198.0,Performer2_Sess1_Bhairavi,0.15616340311237226,0.0006647842571094889,Left,234.9083953813491,"(1.0882584598540146, 1.5264983868613138, -0.03621815328467154)",0.15616340311237226
341,236.3326502444167,238.35284386082617,0.0,17.0,2018_11_15_Sec_13_P1_Bhairavi_slates,198.0,Performer2_Sess1_Bhairavi,0.09614343699470493,0.0005718350381803277,Left,168.13142003443687,"(1.082530631147541, 1.5271498606557374, -0.032811081967213114)",0.09614343699470493
342,240.5130508961948,243.11330010543463,0.0,18.0,2018_11_15_Sec_13_P1_Bhairavi_slates,198.0,Performer2_Sess1_Bhairavi,0.07167433381089744,0.002067664398397436,Left,34.664394215255314,"(1.0822570128205127, 1.5279299102564103, -0.03839336538461538)",0.07167433381089744
348,419.9302463337486,422.3104744560528,0.0,24.0,2018_11_15_Sec_13_P1_Bhairavi_slates,198.0,Performer2_Sess1_Bhairavi,0.04546747284397203,8.980609623076924e-05,Left,506.28492666173844,"(1.1017548601398601, 1.522449867132867, -0.02554443356643357)",0.04546747284397203
350,301.7489197737946,303.8591220166778,0.0,26.0,2018_11_15_Sec_13_P1_Bhairavi_slates,198.0,Performer2_Sess1_Bhairavi,0.09908112274440159,0.0017460279593464567,Left,56.74658427662747,"(1.0969462519685043, 1.5264972362204725, -0.02223302362204725)",0.09908112274440159
355,324.6011099396146,327.2013591488545,0.0,31.0,2018_11_15_Sec_13_P1_Bhairavi_slates,198.0,Performer2_Sess1_Bhairavi,0.20288188914049998,0.001985077579192308,Left,102.20350643577817,"(1.096254378205128, 1.5257247756410257, -0.023564794871794872)",0.20288188914049998
367,36.703517684271056,39.48378414645835,0.0,2.0,2018_11_15_Sec_2_P1_Anandabhairavi_B_slates,198.0,Performer2_Sess1_AnandabhairaviB,0.11369109084426945,0.0011100730065748503,Left,102.41766998286474,"(0.3077852215568862, 0.2248466586826347, -0.01069688023952096)",0.11369109084426945
368,209.11004121537425,211.58027796415217,0.0,3.0,2018_11_15_Sec_2_P1_Anandabhairavi_B_slates,198.0,Performer2_Sess1_AnandabhairaviB,0.0332974470301554,0.0005706639423648649,Left,58.34860862624126,"(0.31436422297297295, 0.22686757432432436, -0.00532093918918919)",0.0332974470301554
369,189.0881223042269,191.5983628869932,0.0,4.0,2018_11_15_Sec_2_P1_Anandabhairavi_B_slates,198.0,Performer2_Sess1_AnandabhairaviB,0.09326828640078,0.0010399419486933335,Left,89.6860507627082,"(0.31035539333333334, 0.22854149333333335, -0.002454353333333333)",0.09326828640078
371,185.8078079171858,188.00801878654264,0.0,6.0,2018_11_15_Sec_2_P1_Anandabhairavi_B_slates,198.0,Performer2_Sess1_AnandabhairaviB,0.1213674195472727,0.0005162527129772727,Left,235.09303970014338,"(0.3089686893939394, 0.22858859090909092, 0.001713651515151515)",0.1213674195472727
372,149.67434486724812,152.18458545001434,0.0,7.0,2018_11_15_Sec_2_P1_Anandabhairavi_B_slates,198.0,Performer2_Sess1_AnandabhairaviB,0.1445989636535298,0.0003960985665695364,Left,365.05803317050123,"(0.30409617218543045, 0.22713114569536422, 0.0004750132450331126)",0.1445989636535298
378,193.94858813380617,196.3288162561104,0.0,13.0,2018_11_15_Sec_2_P1_Anandabhairavi_B_slates,198.0,Performer2_Sess1_AnandabhairaviB,0.14532002851081116,0.0013497026576153846,Left,107.66817986974877,"(0.31130656643356636, 0.2284962867132867, 0.0014494125874125877)",0.14532002851081116
391,165.195832454711,169.19621585354162,0.0,0.0,2018_11_15_Sec_4_P1_Shankara_slates,198.0,Performer2_Sess1_Shankarabharanam,0.04796778601965,0.00015157699439583334,Left,316.4582211887992,"(0.17980229166666667, 0.3962683875, -0.015421033333333332)",0.04796778601965
392,44.08422505511357,48.084608453944206,0.0,1.0,2018_11_15_Sec_4_P1_Shankara_slates,198.0,Performer2_Sess1_Shankarabharanam,0.057334227925804164,0.0002021433687375,Left,283.6315051237591,"(0.19486959583333335, 0.3921068, -0.014991766666666666)",0.057334227925804164
393,319.8306527365091,323.3809930029713,0.0,2.0,2018_11_15_Sec_4_P1_Shankara_slates,198.0,Performer2_Sess1_Shankarabharanam,0.12694153345776527,0.00041985559000000004,Left,302.34570285884547,"(0.1973597370892019, 0.403733455399061, -0.008285967136150235)",0.12694153345776527
394,346.8632435541071,350.3235751940956,0.0,3.0,2018_11_15_Sec_4_P1_Shankara_slates,198.0,Performer2_Sess1_Shankarabharanam,0.25929608658014425,0.0005120606299471154,Left,506.37770493490945,"(0.19799534134615385, 0.4046368173076923, -0.007298048076923077)",0.25929608658014425
395,98.6994594076488,102.55982938752037,0.0,4.0,2018_11_15_Sec_4_P1_Shankara_slates,198.0,Performer2_Sess1_Shankarabharanam,0.10655020446045259,0.0006382897268448276,Left,166.93078390458825,"(0.19316286206896552, 0.3894837844827586, -0.005131659482758621)",0.10655020446045259
396,307.2294450301926,310.09972011885355,0.0,5.0,2018_11_15_Sec_4_P1_Shankara_slates,198.0,Performer2_Sess1_Shankarabharanam,0.10380206268584304,0.0008013412710465116,Left,129.53540075414153,"(0.20146120348837207, 0.4033491220930232, -0.032632662790697674)",0.10380206268584304
397,87.49838589092302,90.238648519122,0.0,6.0,2018_11_15_Sec_4_P1_Shankara_slates,198.0,Performer2_Sess1_Shankarabharanam,0.17168604993599393,0.0012422137222727273,Left,138.2097515569872,"(0.19528935757575758, 0.3917135393939394, -0.012300284848484848)",0.17168604993599393
398,276.0964612287932,279.4167794498226,0.0,7.0,2018_11_15_Sec_4_P1_Shankara_slates,198.0,Performer2_Sess1_Shankarabharanam,0.13629996243766498,0.001161910668905,Left,117.30674834590846,"(0.17526595, 0.39849468, -0.011730405)",0.13629996243766498
400,26.672556311703243,29.322810313428537,0.0,9.0,2018_11_15_Sec_4_P1_Shankara_slates,198.0,Performer2_Sess1_Shankarabharanam,0.07123272256627673,0.0005285376375911948,Left,134.77322616213138,"(0.19441309433962264, 0.3953468113207548, -0.030194283018867923)",0.07123272256627673
401,403.1986427681395,405.5288660979583,0.0,10.0,2018_11_15_Sec_4_P1_Shankara_slates,198.0,Performer2_Sess1_Shankarabharanam,0.10944920162175,0.0007953687690571428,Left,137.60812076075706,"(0.19797965714285715, 0.4061780857142857, -0.00025989285714285725)",0.10944920162175
402,313.67006230231,316.05029042461416,0.0,11.0,2018_11_15_Sec_4_P1_Shankara_slates,198.0,Performer2_Sess1_Shankarabharanam,0.05708651256611189,0.00037510822518881126,Left,152.1867789952548,"(0.20092347552447554, 0.4023608461538461, -0.013693216783216784)",0.05708651256611189
403,55.55532445126041,57.84554394709095,0.0,12.0,2018_11_15_Sec_4_P1_Shankara_slates,198.0,Performer2_Sess1_Shankarabharanam,0.120424723058781,0.0004580148463941607,Left,262.92755356481456,"(0.19405130656934305, 0.3917230218978102, -0.011752693430656935)",0.120424723058781
404,187.01792389533207,189.25813859867725,0.0,13.0,2018_11_15_Sec_4_P1_Shankara_slates,198.0,Performer2_Sess1_Shankarabharanam,0.017098282074962685,0.0001871865390149254,Left,91.34354513386961,"(0.17843864179104477, 0.3983556492537313, -0.011369716417910448)",0.017098282074962685
405,46.11441963002012,48.31463049937697,0.0,14.0,2018_11_15_Sec_4_P1_Shankara_slates,198.0,Performer2_Sess1_Shankarabharanam,0.09863531385277273,0.00028565847601515144,Left,345.2910455474847,"(0.19478456818181816, 0.39076567424242425, -0.007302340909090909)",0.09863531385277273
406,261.0250167736988,263.2652314770439,0.0,15.0,2018_11_15_Sec_4_P1_Shankara_slates,198.0,Performer2_Sess1_Shankarabharanam,0.07687402795387314,0.00016859301238059699,Left,455.9739865157093,"(0.17848780597014927, 0.3982403880597015, -0.014075164179104479)",0.07687402795387314
407,288.55765551615065,290.8478750119812,0.0,16.0,2018_11_15_Sec_4_P1_Shankara_slates,198.0,Performer2_Sess1_Shankarabharanam,0.05655338900611679,0.00026505807366423355,Left,213.36225765285187,"(0.17350627737226276, 0.39627326277372266, -0.0038737810218978097)",0.05655338900611679
408,91.7787961276718,93.92900220454324,0.0,17.0,2018_11_15_Sec_4_P1_Shankara_slates,198.0,Performer2_Sess1_Shankarabharanam,0.052609454530519385,0.0003461565960387597,Left,151.98166128438766,"(0.19717962790697674, 0.3924181550387597, -0.0038257364341085266)",0.052609454530519385
409,368.9553608741493,371.1055669510207,0.0,18.0,2018_11_15_Sec_4_P1_Shankara_slates,198.0,Performer2_Sess1_Shankarabharanam,0.1877974563638217,0.00038580383385271316,Left,486.76928502352933,"(0.19537628682170544, 0.4061906124031008, -0.00352077519379845)",0.1877974563638217
410,411.3794268187481,413.5296328956196,0.0,19.0,2018_11_15_Sec_4_P1_Shankara_slates,198.0,Performer2_Sess1_Shankarabharanam,0.10014040877143411,0.00036840805375193793,Left,271.8192714615901,"(0.20174175193798452, 0.40431073643410853, -0.0047513565891472865)",0.10014040877143411
411,242.7632665580369,245.0534860538675,0.0,20.0,2018_11_15_Sec_4_P1_Shankara_slates,198.0,Performer2_Sess1_Shankarabharanam,0.10802832160563045,0.00017291347143478259,Left,624.7536453304928,"(0.17652084782608696, 0.3962978550724638, -0.014164724637681158)",0.10802832160563045
412,257.29465925428923,259.4048614971724,0.0,21.0,2018_11_15_Sec_4_P1_Shankara_slates,198.0,Performer2_Sess1_Shankarabharanam,0.06350958142824409,0.00015468984930708658,Left,410.56075568453355,"(0.17805211023622045, 0.3977385511811023, -0.014479669291338582)",0.06350958142824409
413,277.8566299242787,279.96683216716184,0.0,22.0,2018_11_15_Sec_4_P1_Shankara_slates,198.0,Performer2_Sess1_Shankarabharanam,0.16467925098918898,0.0017243794319606303,Left,95.50058875496308,"(0.1752442047244095, 0.3980237086614173, -0.022569708661417325)",0.16467925098918898
414,374.1358573756349,376.87612000383393,0.0,23.0,2018_11_15_Sec_4_P1_Shankara_slates,198.0,Performer2_Sess1_Shankarabharanam,0.16000381922162193,0.0011671251653231707,Left,137.09225366357148,"(0.19507111585365855, 0.40831132317073165, -0.024786329268292683)",0.16000381922162193
415,304.669199654941,306.77940189782413,0.0,24.0,2018_11_15_Sec_4_P1_Shankara_slates,198.0,Performer2_Sess1_Shankarabharanam,0.06126294646247619,0.0002159712370238095,Left,283.66252518951086,"(0.20145222222222217, 0.4035089920634921, -0.01647636507936508)",0.06126294646247619
416,161.5954873957634,163.61568101217287,0.0,25.0,2018_11_15_Sec_4_P1_Shankara_slates,198.0,Performer2_Sess1_Shankarabharanam,0.06498435486263637,0.042317014847016526,Left,1.5356554590999927,"(0.18037532231404957, 0.3958242479338844, -0.020121173553719007)",0.06498435486263637
417,321.36079938656184,323.3809930029713,0.0,26.0,2018_11_15_Sec_4_P1_Shankara_slates,198.0,Performer2_Sess1_Shankarabharanam,0.1692177774055868,0.0006010645316280992,Left,281.53013279161195,"(0.19684283471074382, 0.40360174380165287, -0.007740371900826447)",0.1692177774055868
418,157.19506565704972,159.61529761334225,0.0,27.0,2018_11_15_Sec_4_P1_Shankara_slates,198.0,Performer2_Sess1_Shankarabharanam,0.14589548919262071,0.0015779709085793105,Left,92.45765457360322,"(0.17912035862068967, 0.39505208275862064, -0.03437411034482759)",0.14589548919262071
419,237.13272692418283,239.2829330010543,0.0,28.0,2018_11_15_Sec_4_P1_Shankara_slates,198.0,Performer2_Sess1_Shankarabharanam,0.13386147881402324,0.0002528079994883721,Left,529.4985881970883,"(0.17816669767441864, 0.3985535736434108, -0.014956108527131784)",0.13386147881402324
421,80.20768714655419,82.31788938943734,0.0,30.0,2018_11_15_Sec_4_P1_Shankara_slates,198.0,Performer2_Sess1_Shankarabharanam,0.18138225807051184,0.00030270660778740154,Left,599.2015152768028,"(0.19625447244094493, 0.3916322362204725, -0.006059897637795276)",0.18138225807051184
424,64.32616505319658,66.34635866960605,0.0,33.0,2018_11_15_Sec_4_P1_Shankara_slates,198.0,Performer2_Sess1_Shankarabharanam,0.14345951310200827,0.0002373944803553719,Left,604.3085453682579,"(0.19609947933884297, 0.3909282644628099, -0.007099438016528925)",0.14345951310200827
426,318.1604926674973,320.5407207898015,0.0,35.0,2018_11_15_Sec_4_P1_Shankara_slates,198.0,Performer2_Sess1_Shankarabharanam,0.04403631286281818,0.00016494307881118883,Left,266.97884615835727,"(0.19873258041958042, 0.4029315594405595, -0.010621776223776223)",0.04403631286281818
428,272.3160989168982,274.4663049937697,0.0,37.0,2018_11_15_Sec_4_P1_Shankara_slates,198.0,Performer2_Sess1_Shankarabharanam,0.10129396240974418,0.0008600775404806202,Left,117.77305840719904,"(0.17658545736434111, 0.3981062170542635, -0.014974403100775194)",0.10129396240974418
445,130.01246046199557,132.84273171666825,0.0,0.0,2018_11_15_Sec_6_P1_Varaali_slates,198.0,Performer2_Sess1_Varali,0.052542090983523526,0.00047612956725882357,Left,110.35250611723026,"(0.33151131764705877, 0.5394474529411765, -0.007699929411764705)",0.052542090983523526
446,141.12352535224764,144.0838090673823,0.0,1.0,2018_11_15_Sec_6_P1_Varaali_slates,198.0,Performer2_Sess1_Varali,0.1304305980440056,0.0005905051979494382,Left,220.879678107717,"(0.3313531629213483, 0.536887179775281, -0.023085061797752805)",0.1304305980440056
447,168.83618134764686,170.89637879804462,0.0,2.0,2018_11_15_Sec_6_P1_Varaali_slates,198.0,Performer2_Sess1_Varali,0.070191296203187,0.00016988772710569105,Left,413.162842301842,"(0.3358748048780489, 0.5441196422764228, -0.001055390243902439)",0.070191296203187
449,148.55423751557555,150.6644397584587,0.0,4.0,2018_11_15_Sec_6_P1_Varaali_slates,198.0,Performer2_Sess1_Varali,0.17437514903391266,0.00036852111871428576,Left,473.17545773843597,"(0.3327276984126983, 0.5377885555555555, -0.008918698412698415)",0.17437514903391266
453,77.05738521997506,79.07757883638453,0.0,8.0,2018_11_15_Sec_6_P1_Varaali_slates,198.0,Performer2_Sess1_Varali,0.15876182366110297,0.00041962684479999985,Left,378.3404842384932,"(0.33645367058823533, 0.5370089294117648, -0.0035326882352941175)",0.15876182366110297
464,133.8428275663759,136.5330854020895,0.0,2.0,2018_11_15_Sec_8_P1_Bilahari_slates,198.0,Performer2_Sess1_Bilahari,0.35008385897428573,0.0002577947690869565,Left,1357.9944240691684,"(0.4334266397515528, 0.8215686583850933, -0.011991291925465837)",0.35008385897428573
465,113.6408914022812,116.24114061152112,0.0,3.0,2018_11_15_Sec_8_P1_Bilahari_slates,198.0,Performer2_Sess1_Bilahari,0.17641231184816028,0.0005142422064166667,Left,343.052961516779,"(0.43082203846153844, 0.8218671089743589, -0.014655320512820511)",0.17641231184816028
466,106.300187865427,108.72041982171952,0.0,4.0,2018_11_15_Sec_8_P1_Bilahari_slates,198.0,Performer2_Sess1_Bilahari,0.10392257389355862,0.0006298141809241379,Left,165.00513491308044,"(0.43095903448275863, 0.8213464413793103, -0.023896924137931038)",0.10392257389355862
467,89.34856321288218,91.8187999616601,0.0,5.0,2018_11_15_Sec_8_P1_Bilahari_slates,198.0,Performer2_Sess1_Bilahari,0.12520353326179867,0.0005857332716644295,Left,213.75520107645278,"(0.43288190604026844, 0.8186960201342283, -0.014259610738255032)",0.12520353326179867
468,42.73409565800824,45.15432761430077,0.0,6.0,2018_11_15_Sec_8_P1_Bilahari_slates,198.0,Performer2_Sess1_Bilahari,0.04813516060353103,0.00022604433959310345,Left,212.94565787481287,"(0.43724093103448275, 0.8220902, -0.02379486896551724)",0.04813516060353103
469,191.4683504265312,193.8485785488353,0.0,7.0,2018_11_15_Sec_8_P1_Bilahari_slates,198.0,Performer2_Sess1_Bilahari,0.18354507978417606,0.0008316985467535211,Left,220.68702716943758,"(0.4309677464788732, 0.8210605211267606, -0.0164888661971831)",0.18354507978417606
470,110.17055880379564,112.55078692609986,0.0,8.0,2018_11_15_Sec_8_P1_Bilahari_slates,198.0,Performer2_Sess1_Bilahari,0.13305332736792305,0.0004568665564055944,Left,291.23017542523235,"(0.4302118531468532, 0.8239811258741259, -0.017900594405594404)",0.13305332736792305
471,206.3197737946899,208.60999329052044,0.0,9.0,2018_11_15_Sec_8_P1_Bilahari_slates,198.0,Performer2_Sess1_Bilahari,0.12361711521324815,0.00044372844228467156,Left,278.5873147476588,"(0.4310645620437957, 0.8217993576642336, -0.009294343065693432)",0.12361711521324815
494,76.34731716668263,81.51781270967122,0.0,12.0,2018_11_15_Sec_9_P1_Todi_slates,198.0,Performer2_Sess1_Todi,0.07912937508054019,0.00015651560383601282,Left,505.5686023704509,"(0.7779606430868168, 0.8327227427652732, 0.0085224115755627)",0.07912937508054019
498,324.1510668072462,327.74141090769666,0.0,16.0,2018_11_15_Sec_9_P1_Todi_slates,198.0,Performer2_Sess1_Todi,0.16194769854613955,0.0007068261169255813,Left,229.11957363792533,"(0.7913333720930233, 0.843456130232558, -0.011525558139534884)",0.16194769854613955
499,55.60532924374579,59.065660883734296,0.0,17.0,2018_11_15_Sec_9_P1_Todi_slates,198.0,Performer2_Sess1_Todi,0.05830967087933334,0.027880869033859904,Left,2.0913864201477796,"(0.7796790676328503, 0.8292346859903382, -0.05172064734299516)",0.05830967087933334
500,357.3042442250551,360.71457107255816,0.0,18.0,2018_11_15_Sec_9_P1_Todi_slates,198.0,Performer2_Sess1_Todi,0.0584878579179804,0.00020348594155392157,Left,287.42947778769155,"(0.7987168431372549, 0.8419086372549021, -0.005041235294117648)",0.0584878579179804
502,361.30462762388566,364.4449285919677,0.0,20.0,2018_11_15_Sec_9_P1_Todi_slates,198.0,Performer2_Sess1_Todi,0.04171712610012766,0.0001725689178882979,Left,241.7418305139442,"(0.8004433617021278, 0.8431913404255319, 0.0002485000000000001)",0.04171712610012766
505,257.29465925428923,260.394956388383,0.0,23.0,2018_11_15_Sec_9_P1_Todi_slates,198.0,Performer2_Sess1_Todi,0.11683082388739245,0.00032546846589784947,Left,358.96203819653795,"(0.7793721451612903, 0.8407229892473119, -0.003745629032258065)",0.11683082388739245
506,377.3261631362024,380.3364516438224,0.0,24.0,2018_11_15_Sec_9_P1_Todi_slates,198.0,Performer2_Sess1_Todi,0.0448624434458674,0.0003408807973922652,Left,131.60742344263645,"(0.8020083591160221, 0.8444001491712706, -0.01195527624309392)",0.0448624434458674
507,320.32069970286585,323.2409795840122,0.0,25.0,2018_11_15_Sec_9_P1_Todi_slates,198.0,Performer2_Sess1_Todi,0.11526620164503998,0.0005058984371771429,Left,227.84454976420287,"(0.7910939885714287, 0.8438239999999999, -0.0038829542857142852)",0.11526620164503998
508,284.5972759513083,287.7875817118757,0.0,26.0,2018_11_15_Sec_9_P1_Todi_slates,198.0,Performer2_Sess1_Todi,0.15437442715809896,0.0011517439024427082,Left,134.03537612023788,"(0.7862215677083334, 0.8424587552083332, -0.009851395833333334)",0.15437442715809896
510,66.57638071503881,69.40665196971148,0.0,28.0,2018_11_15_Sec_9_P1_Todi_slates,198.0,Performer2_Sess1_Todi,0.04656435878060001,0.0004285446528764706,Left,108.65695900777541,"(0.7791703588235295, 0.832326682352941, 0.01727469411764706)",0.04656435878060001
511,237.9028007284577,240.6430633566567,0.0,29.0,2018_11_15_Sec_9_P1_Todi_slates,198.0,Performer2_Sess1_Todi,0.07163816916952441,0.00015065739190853658,Left,475.5038452611447,"(0.7749868780487805, 0.8401490365853658, -0.0043320914634146345)",0.07163816916952441
513,298.09856992236166,300.6988191316016,0.0,31.0,2018_11_15_Sec_9_P1_Todi_slates,198.0,Performer2_Sess1_Todi,0.12411766258995513,0.0008161066470961539,Left,152.08510190621146,"(0.7875433782051281, 0.8432699743589743, -0.0048646346153846136)",0.12411766258995513
514,30.81295312949295,33.37319850474456,0.0,32.0,2018_11_15_Sec_9_P1_Todi_slates,198.0,Performer2_Sess1_Todi,0.032554900253233765,0.00040234866512987014,Left,80.91216170115959,"(0.7800752337662339, 0.8294798506493506, -0.026134545454545452)",0.032554900253233765
517,168.97619476660594,171.84646985526692,0.0,35.0,2018_11_15_Sec_9_P1_Todi_slates,198.0,Performer2_Sess1_Todi,0.07703206923608721,0.00040821329358139535,Left,188.70544013953693,"(0.7736182151162793, 0.8389211162790697, 0.004899226744186046)",0.07703206923608721
518,338.81247196396043,341.3227125467267,0.0,36.0,2018_11_15_Sec_9_P1_Todi_slates,198.0,Performer2_Sess1_Todi,0.11709760185704635,0.0005816516864172185,Left,201.31911346862714,"(0.7921641589403975, 0.8415705165562914, -0.0012643112582781458)",0.11709760185704635
519,272.3160989168982,274.7863356656762,0.0,37.0,2018_11_15_Sec_9_P1_Todi_slates,198.0,Performer2_Sess1_Todi,0.14200477342492615,0.003380900552899328,Left,42.00205572540382,"(0.7820915973154362, 0.8415689731543625, -0.029221201342281882)",0.14200477342492615
520,71.66686859005078,74.08710054634332,0.0,38.0,2018_11_15_Sec_9_P1_Todi_slates,198.0,Performer2_Sess1_Todi,0.04852757597968276,0.00013182857293793102,Left,368.1112136633008,"(0.7785255793103448, 0.8310244827586206, 0.014678896551724137)",0.04852757597968276
521,92.5388689734496,94.95910092974216,0.0,39.0,2018_11_15_Sec_9_P1_Todi_slates,198.0,Performer2_Sess1_Todi,0.07853107923020688,0.0004532424905655172,Left,173.26504214603207,"(0.7757404275862069, 0.8362786620689655, 0.013357413793103448)",0.07853107923020688
522,133.6628103134285,136.08304226972106,0.0,40.0,2018_11_15_Sec_9_P1_Todi_slates,198.0,Performer2_Sess1_Todi,0.09640967704432413,0.00041814067147586206,Left,230.56756642217607,"(0.7795010137931034, 0.8424532965517242, 0.0019862413793103446)",0.09640967704432413
523,172.88656953896287,175.2667976612671,0.0,41.0,2018_11_15_Sec_9_P1_Todi_slates,198.0,Performer2_Sess1_Todi,0.14274125349844755,0.0008530753892307692,Left,167.32548529756494,"(0.7724166433566434, 0.839990034965035, 0.013118097902097902)",0.14274125349844755
524,384.5268532540975,387.3071197162848,0.0,42.0,2018_11_15_Sec_9_P1_Todi_slates,198.0,Performer2_Sess1_Todi,0.07030822743828744,0.0003040637081497006,Left,231.22860622245776,"(0.8013485149700598, 0.8442695508982035, -0.011705299401197605)",0.07030822743828744
525,94.06901562350232,96.66926483274224,0.0,43.0,2018_11_15_Sec_9_P1_Todi_slates,198.0,Performer2_Sess1_Todi,0.12130134463817949,0.00032663972898076924,Left,371.3612701574371,"(0.7753609935897436, 0.8362783205128205, 0.016101121794871796)",0.12130134463817949
526,233.0423348988785,235.37255822869736,0.0,44.0,2018_11_15_Sec_9_P1_Todi_slates,198.0,Performer2_Sess1_Todi,0.11483107962859287,0.0005445885828357142,Left,210.85840439522016,"(0.7745916714285714, 0.8393157142857143, -0.008631585714285713)",0.11483107962859287
528,245.23350330681487,247.5237228026454,0.0,46.0,2018_11_15_Sec_9_P1_Todi_slates,198.0,Performer2_Sess1_Todi,0.1284303335292044,0.00037302770554744523,Left,344.2916749058185,"(0.7779555693430658, 0.8422480510948905, -0.004449335766423358)",0.1284303335292044
529,419.3901945749065,421.680414070737,0.0,47.0,2018_11_15_Sec_9_P1_Todi_slates,198.0,Performer2_Sess1_Todi,0.0879094487459124,0.00022235659670072992,Left,395.35345499207233,"(0.7983160875912408, 0.8494573795620438, -0.004705875912408759)",0.0879094487459124
531,51.5049362599444,53.745150963289554,0.0,49.0,2018_11_15_Sec_9_P1_Todi_slates,198.0,Performer2_Sess1_Todi,0.06358076094518655,0.0004643819262686567,Left,136.91480513908604,"(0.7796292014925373, 0.8306760298507463, -0.006251037313432836)",0.06358076094518655
532,266.6055516150675,268.8457663184127,0.0,50.0,2018_11_15_Sec_9_P1_Todi_slates,198.0,Performer2_Sess1_Todi,0.07543410340879105,0.001962711600059702,Left,38.43361572148271,"(0.7774303358208955, 0.8406719179104477, -0.008211179104477611)",0.07543410340879105
533,269.97587462858235,272.2160893319275,0.0,51.0,2018_11_15_Sec_9_P1_Todi_slates,198.0,Performer2_Sess1_Todi,0.16799862765667165,0.0035561151473805976,Left,47.2421788086412,"(0.7809520970149254, 0.8415586343283583, -0.01969534328358209)",0.16799862765667165
534,404.7687932521805,407.2390300009584,0.0,52.0,2018_11_15_Sec_9_P1_Todi_slates,198.0,Performer2_Sess1_Todi,0.14648044607794594,0.0006941961701621621,Left,211.00728061309897,"(0.7995120878378378, 0.8468593040540541, -0.005464912162162162)",0.14648044607794594
535,110.71061056263775,112.86081663950922,0.0,53.0,2018_11_15_Sec_9_P1_Todi_slates,198.0,Performer2_Sess1_Todi,0.10191436330724805,0.0009945570011705427,Left,102.47211893063954,"(0.778301434108527, 0.8387232170542636, 0.011632333333333333)",0.10191436330724805
536,329.45157481069674,331.6017808875682,0.0,54.0,2018_11_15_Sec_9_P1_Todi_slates,198.0,Performer2_Sess1_Todi,0.2389526114794496,0.0015026172350852715,Left,159.02427171740072,"(0.7896682170542635, 0.8421987441860465, -0.03629690697674418)",0.2389526114794496
537,90.33865810409276,92.44886034697592,0.0,55.0,2018_11_15_Sec_9_P1_Todi_slates,198.0,Performer2_Sess1_Todi,0.021686871603777774,7.500691619047617e-05,Left,289.13162552510613,"(0.7762937380952383, 0.8359435873015872, 0.009782460317460316)",0.021686871603777774
540,116.70118470238664,118.7213783187961,0.0,58.0,2018_11_15_Sec_9_P1_Todi_slates,198.0,Performer2_Sess1_Todi,0.05888724934769422,0.0001497153878842975,Left,393.3279683528807,"(0.7795810495867769, 0.8417249834710743, 0.01588813223140496)",0.05888724934769422
541,340.0325889006038,342.05278251701327,0.0,59.0,2018_11_15_Sec_9_P1_Todi_slates,198.0,Performer2_Sess1_Todi,0.14017853177790984,0.00021269804560655736,Left,659.0494584854249,"(0.792149655737705, 0.8407046475409835, -0.0014929918032786885)",0.14017853177790984
542,114.00092590817596,116.02111952458544,0.0,60.0,2018_11_15_Sec_9_P1_Todi_slates,198.0,Performer2_Sess1_Todi,0.096383057665843,0.00019137407138016528,Left,503.6369711463039,"(0.7786759256198347, 0.8407637024793388, 0.014494272727272729)",0.096383057665843
543,364.86496884884497,366.8851624652544,0.0,61.0,2018_11_15_Sec_9_P1_Todi_slates,198.0,Performer2_Sess1_Todi,0.1267704914607377,0.0003465763612459016,Left,365.7793942004947,"(0.800365081967213, 0.843952368852459, 0.00037714754098360653)",0.1267704914607377
546,413.8596645260231,416.189887855842,0.0,64.0,2018_11_15_Sec_9_P1_Todi_slates,198.0,Performer2_Sess1_Todi,0.1280749320119802,0.000368233269147482,Left,347.8092360000329,"(0.7973189856115107, 0.8493949028776978, -0.009313014388489207)",0.1280749320119802
566,113.46087414933382,117.50126138215276,0.0,0.0,2018_11_18_am_Sec_1_P1_Varaali_slates,136.0,Performer3_Sess1_Varali,0.015111581736650205,0.00010077725579012347,Left,149.95031982336627,"(-0.23773720164609052, -0.10542632921810699, 0.02828909465020576)",0.015111581736650205
567,102.29980446659636,106.1201706124796,0.0,1.0,2018_11_18_am_Sec_1_P1_Varaali_slates,136.0,Performer3_Sess1_Varali,0.027412351273499995,0.0001986279574478261,Left,138.0085242063693,"(-0.23740517391304347, -0.10394262608695651, 0.028195956521739125)",0.027412351273499995
568,428.53107064123446,432.6214626665388,0.0,2.0,2018_11_18_am_Sec_1_P1_Varaali_slates,136.0,Performer3_Sess1_Varali,0.09930744882802033,0.0003414775687276423,Left,290.8169025510034,"(-0.18523615040650407, -0.14117519105691057, 0.03634133739837398)",0.09930744882802033
569,121.51164573948049,124.88196875299528,0.0,3.0,2018_11_18_am_Sec_1_P1_Varaali_slates,136.0,Performer3_Sess1_Varali,0.01774063345596535,8.213519584158416e-05,Left,215.99307427454212,"(-0.23887027722772278, -0.10581194554455445, 0.041798267326732676)",0.01774063345596535
570,139.06332790184987,142.20362886993192,0.0,4.0,2018_11_18_am_Sec_1_P1_Varaali_slates,136.0,Performer3_Sess1_Varali,0.019494757060365086,0.00015625461306349205,Left,124.76276173967192,"(-0.23743194179894184, -0.10582603174603175, 0.026478968253968255)",0.019494757060365086
571,128.5723224384165,131.71262340649858,0.0,5.0,2018_11_18_am_Sec_1_P1_Varaali_slates,136.0,Performer3_Sess1_Varali,0.043445399611595735,0.00013766591740425535,Left,315.5857341510209,"(-0.23705863829787235, -0.10511720212765957, 0.04075667021276595)",0.043445399611595735
572,145.04390108310167,148.00418479823634,0.0,6.0,2018_11_18_am_Sec_1_P1_Varaali_slates,136.0,Performer3_Sess1_Varali,0.043498129972724724,0.0002693317528932584,Left,161.50390551968786,"(-0.23698171910112356, -0.10538414606741574, 0.03820030337078652)",0.043498129972724724
573,357.4442576440141,360.3645375251605,0.0,7.0,2018_11_18_am_Sec_1_P1_Varaali_slates,136.0,Performer3_Sess1_Varali,0.08974300330454857,0.00017732422585142857,Left,506.0955595528155,"(-0.15766366857142858, -0.14109018857142858, 0.05292610857142857)",0.08974300330454857
574,408.90919006997024,411.82946995111655,0.0,8.0,2018_11_18_am_Sec_1_P1_Varaali_slates,136.0,Performer3_Sess1_Varali,0.1622696393635943,0.0006517474531657143,Left,248.97625387779667,"(-0.18600502285714282, -0.1404104971428571, 0.04309151428571428)",0.1622696393635943
575,291.5779449822677,294.4082162369404,0.0,9.0,2018_11_18_am_Sec_1_P1_Varaali_slates,136.0,Performer3_Sess1_Varali,0.17062463483325294,0.0004620964933235295,Left,369.24027188796003,"(-0.1978073294117647, -0.13581586470588233, 0.03278197058823529)",0.17062463483325294
576,181.3073765935013,184.2276564746477,0.0,10.0,2018_11_18_am_Sec_1_P1_Varaali_slates,136.0,Performer3_Sess1_Varali,0.05333785863889143,0.00027666992436,Left,192.78517085756226,"(-0.23740259428571434, -0.10807284571428567, 0.034857382857142856)",0.05333785863889143
577,387.4071293012556,390.09738713696913,0.0,11.0,2018_11_18_am_Sec_1_P1_Varaali_slates,136.0,Performer3_Sess1_Varali,0.21416030294342234,0.00035012080360869564,Left,611.6754581163752,"(-0.15948378881987577, -0.14140373913043477, 0.050788913043478254)",0.21416030294342234
578,335.8021834563404,338.492441292054,0.0,12.0,2018_11_18_am_Sec_1_P1_Varaali_slates,136.0,Performer3_Sess1_Varali,0.0967358854844969,0.00023719135035403727,Left,407.83900989688993,"(-0.17553392546583851, -0.13833914906832298, 0.04993733540372671)",0.0967358854844969
579,405.5788708904437,408.2691287261573,0.0,13.0,2018_11_18_am_Sec_1_P1_Varaali_slates,136.0,Performer3_Sess1_Varali,0.19718344938280863,0.0006382039132469135,Left,308.9662179907705,"(-0.1830500925925926, -0.14158245061728394, 0.03194096296296296)",0.19718344938280863
580,218.65095562158533,222.06128246908844,0.0,14.0,2018_11_18_am_Sec_1_P1_Varaali_slates,136.0,Performer3_Sess1_Varali,0.014371725892441177,5.025061240196078e-05,Left,286.0010098479992,"(-0.23983007843137255, -0.10894367156862746, 0.05735784313725491)",0.014371725892441177
581,434.46163903000087,437.0618882392408,0.0,15.0,2018_11_18_am_Sec_1_P1_Varaali_slates,136.0,Performer3_Sess1_Varali,0.025639611045032054,0.0003432262283397436,Left,74.70178246300163,"(-0.18497147435897437, -0.14202016666666667, 0.032052474358974355)",0.025639611045032054
582,424.8407169558132,427.35095753857945,0.0,16.0,2018_11_18_am_Sec_1_P1_Varaali_slates,136.0,Performer3_Sess1_Varali,0.0991693209596755,0.00026019700981456956,Left,381.13167030762156,"(-0.18345049006622513, -0.14096477483443706, 0.05204761589403974)",0.0991693209596755
583,217.39083485095367,219.8610715997316,0.0,17.0,2018_11_18_am_Sec_1_P1_Varaali_slates,136.0,Performer3_Sess1_Varali,0.019762302319722976,5.525445579054055e-05,Left,357.65988528849545,"(-0.23888692567567568, -0.10778638513513514, 0.05795613513513513)",0.019762302319722976
584,345.70313236844623,348.6634160835809,0.0,18.0,2018_11_18_am_Sec_1_P1_Varaali_slates,136.0,Performer3_Sess1_Varali,0.1343024155938531,0.00024139426277401132,Left,556.3612575149908,"(-0.15884620903954802, -0.1402817570621469, 0.043330638418079104)",0.1343024155938531
585,236.9127058372472,239.5629598389725,0.0,19.0,2018_11_18_am_Sec_1_P1_Varaali_slates,136.0,Performer3_Sess1_Varali,0.18865052810513208,0.0009609684644088049,Left,196.31292294403366,"(-0.23716018867924527, -0.10996228930817609, 0.04099232704402516)",0.18865052810513208
586,305.1192427873094,307.49947090961365,0.0,20.0,2018_11_18_am_Sec_1_P1_Varaali_slates,136.0,Performer3_Sess1_Varali,0.06085639013407481,0.00024076952625182483,Left,252.75785969036673,"(-0.19305658759124086, -0.13572291605839418, 0.050823372262773725)",0.06085639013407481
587,134.69290903862742,137.02313236844626,0.0,21.0,2018_11_18_am_Sec_1_P1_Varaali_slates,136.0,Performer3_Sess1_Varali,0.030303633664221424,0.00018451392449285716,Left,164.23494187504818,"(-0.23769080000000004, -0.10554322857142857, 0.04544256428571428)",0.030303633664221424
588,402.0285306239815,404.40875874628574,0.0,22.0,2018_11_18_am_Sec_1_P1_Varaali_slates,136.0,Performer3_Sess1_Varali,0.20058987110566437,0.0004441125211748252,Left,451.6645254113473,"(-0.17602144055944058, -0.13996813286713286, 0.045581454545454536)",0.20058987110566437
589,423.5805961851816,425.8708156810121,0.0,23.0,2018_11_18_am_Sec_1_P1_Varaali_slates,136.0,Performer3_Sess1_Varali,0.056063469098050725,0.0004670909416811594,Left,120.02688148108034,"(-0.18330703623188407, -0.14078895652173914, 0.05861653623188405)",0.056063469098050725
590,271.9160605770152,274.1562752803603,0.0,24.0,2018_11_18_am_Sec_1_P1_Varaali_slates,136.0,Performer3_Sess1_Varali,0.1406200342880889,0.0009287369488814814,Left,151.4099707753027,"(-0.19891783703703705, -0.13739847407407407, 0.048786318518518515)",0.1406200342880889
591,170.55634620914404,172.7565570785009,0.0,25.0,2018_11_18_am_Sec_1_P1_Varaali_slates,136.0,Performer3_Sess1_Varali,0.005795428380378788,0.0004914743198712122,Left,11.791925124180333,"(-0.23752742424242423, -0.1081570075757576, 0.02366828787878788)",0.005795428380378788
592,413.1395955142336,415.3398063835904,0.0,26.0,2018_11_18_am_Sec_1_P1_Varaali_slates,136.0,Performer3_Sess1_Varali,0.06537688626639393,0.0006340481828257576,Left,103.11028094904282,"(-0.18347506818181822, -0.13996212878787878, 0.04156399242424243)",0.06537688626639393
593,474.1054385124124,476.395658008243,0.0,27.0,2018_11_18_am_Sec_1_P1_Varaali_slates,136.0,Performer3_Sess1_Varali,0.06660306849898863,0.00014423926073863636,Left,461.75408940617325,"(-0.18447368181818186, -0.14169945, 0.04033185909090908)",0.06660306849898863
594,322.44090290424606,324.55110514712925,0.0,28.0,2018_11_18_am_Sec_1_P1_Varaali_slates,136.0,Performer3_Sess1_Varali,0.13761455483020132,0.0008670785232676991,Left,158.71060248566974,"(-0.18990466371681416, -0.13624468141592921, 0.025984252212389387)",0.13761455483020132
595,76.29731237419725,78.62753570401608,0.0,29.0,2018_11_18_am_Sec_1_P1_Varaali_slates,136.0,Performer3_Sess1_Varali,0.0036385027483214283,0.00011559400044285715,Left,31.47657088068415,"(-0.23860683571428573, -0.10042091428571429, 0.02519112142857143)",0.0036385027483214283
596,430.1512259177609,432.4814492475797,0.0,30.0,2018_11_18_am_Sec_1_P1_Varaali_slates,136.0,Performer3_Sess1_Varali,0.08169462116538849,0.00010347643174100721,Left,789.4997903470738,"(-0.18514872661870505, -0.14105005755395683, 0.035393244604316546)",0.08169462116538849
597,419.3901945749065,421.5003968177896,0.0,31.0,2018_11_18_am_Sec_1_P1_Varaali_slates,136.0,Performer3_Sess1_Varali,0.1429189835663386,0.0004744507496850393,Left,301.23038831999804,"(-0.1833587716535433, -0.14054786614173234, 0.0528416062992126)",0.1429189835663386
600,120.5215508482699,123.48183456340456,0.0,34.0,2018_11_18_am_Sec_1_P1_Varaali_slates,136.0,Performer3_Sess1_Varali,0.031223549868745766,0.0001694690441920904,Left,184.24338213269428,"(-0.23831689830508473, -0.1052144858757062, 0.044313446327683616)",0.031223549868745766
601,67.65648423272307,70.256733441963,0.0,35.0,2018_11_18_am_Sec_1_P1_Varaali_slates,136.0,Performer3_Sess1_Varali,0.013370982651326925,0.00013517491082692306,Left,98.91615662648397,"(-0.23998327564102562, -0.09953202564102563, 0.029402500000000005)",0.013370982651326925
611,400.27836288699314,402.5685823828237,0.0,45.0,2018_11_18_am_Sec_1_P1_Varaali_slates,136.0,Performer3_Sess1_Varali,0.13343347905674635,0.0014870452281231885,Left,89.7306124475809,"(-0.176682384057971, -0.1409366956521739, 0.0432495)",0.13343347905674635
630,393.4377072749928,398.5581980254959,0.0,0.0,2018_11_18_am_Sec_2_P2_Shankara_slates,136.0,Performer3_Sess1_Shankarabharanam,0.21348755358939414,0.0003789789644397394,Left,563.3229641254675,"(-0.20416238110749188, -0.08239771661237785, 0.004572117263843649)",0.21348755358939414
631,370.4955084826991,375.52599060672856,0.0,1.0,2018_11_18_am_Sec_2_P2_Shankara_slates,136.0,Performer3_Sess1_Shankarabharanam,0.18712851714830794,0.0005528888698344371,Left,338.4559309438508,"(-0.19901605298013247, -0.08391806291390728, 0.0049216920529801325)",0.18712851714830794
632,45.574367871177984,49.84477714942968,0.0,2.0,2018_11_18_am_Sec_2_P2_Shankara_slates,136.0,Performer3_Sess1_Shankarabharanam,0.024937260317386713,0.00016417828841015626,Left,151.89134055952348,"(-0.114793109375, -0.0895586171875, 0.0036361015625)",0.024937260317386713
633,422.1404581616025,426.2308501869069,0.0,3.0,2018_11_18_am_Sec_2_P2_Shankara_slates,136.0,Performer3_Sess1_Shankarabharanam,0.08416791685615102,0.00041590503573877554,Left,202.3729207958323,"(-0.21063895102040814, -0.08392958775510204, 0.005716481632653062)",0.08416791685615102
634,450.0831362024345,454.0335148087797,0.0,4.0,2018_11_18_am_Sec_2_P2_Shankara_slates,136.0,Performer3_Sess1_Shankarabharanam,0.17773001463243698,0.001063594318945378,Left,167.10320040884355,"(-0.21129741596638657, -0.08613726470588236, 0.0014373319327731094)",0.17773001463243698
635,101.75975270775422,105.3100929742164,0.0,5.0,2018_11_18_am_Sec_2_P2_Shankara_slates,136.0,Performer3_Sess1_Shankarabharanam,0.09189181086661033,0.00027361243924413153,Left,335.8466125314558,"(-0.12149978403755868, -0.090171558685446, 0.0028903708920187793)",0.09189181086661033
636,221.481226876258,224.9415585162465,0.0,6.0,2018_11_18_am_Sec_2_P2_Shankara_slates,136.0,Performer3_Sess1_Shankarabharanam,0.15549396034830287,0.0001453618147403846,Left,1069.702938326783,"(-0.15237194711538463, -0.0842728173076923, 0.0032590673076923074)",0.15549396034830287
637,187.10793252180576,190.3882469088469,0.0,7.0,2018_11_18_am_Sec_2_P2_Shankara_slates,136.0,Performer3_Sess1_Shankarabharanam,0.1529980602517614,0.00012078946032487308,Left,1266.650747840587,"(-0.14845291878172587, -0.08480397461928933, 0.004482274111675127)",0.1529980602517614
638,507.218612096233,510.7189475702098,0.0,8.0,2018_11_18_am_Sec_2_P2_Shankara_slates,136.0,Performer3_Sess1_Shankarabharanam,0.2876329189059238,0.00043286227270476193,Left,664.4906175551749,"(-0.22398934761904762, -0.08889863333333334, 0.009575585714285715)",0.2876329189059238
639,170.59635004313233,173.87666443017346,0.0,9.0,2018_11_18_am_Sec_2_P2_Shankara_slates,136.0,Performer3_Sess1_Shankarabharanam,0.15111531973084266,0.0003296042652030457,Left,458.4750128696037,"(-0.1424356649746193, -0.08714104060913708, 0.004212568527918782)",0.15111531973084266
640,155.5749103805233,158.67520751461706,0.0,10.0,2018_11_18_am_Sec_2_P2_Shankara_slates,136.0,Performer3_Sess1_Shankarabharanam,0.018724217481091397,0.00014316648469892473,Left,130.78631860290432,"(-0.1412648387096774, -0.08760687634408602, 0.0027929838709677417)",0.018724217481091397
641,129.12237515575575,132.1726674973641,0.0,11.0,2018_11_18_am_Sec_2_P2_Shankara_slates,136.0,Performer3_Sess1_Shankarabharanam,0.13368010366136066,0.0001675229558251366,Left,797.980808080406,"(-0.1367661038251366, -0.08762108196721312, 0.004687431693989071)",0.13368010366136066
642,462.7743525352247,465.7846410428447,0.0,12.0,2018_11_18_am_Sec_2_P2_Shankara_slates,136.0,Performer3_Sess1_Shankarabharanam,0.19400557162368512,0.0017627469468784527,Left,110.05866268396518,"(-0.2058973259668508, -0.0881243093922652, 0.005692546961325967)",0.19400557162368512
643,395.55791047637297,398.568198983993,0.0,13.0,2018_11_18_am_Sec_2_P2_Shankara_slates,136.0,Performer3_Sess1_Shankarabharanam,0.24172982034837576,0.0004539203704585635,Left,532.5379429527987,"(-0.20410619337016572, -0.08308539226519338, 0.003308635359116023)",0.24172982034837576
644,483.4663356656761,486.47662417329616,0.0,14.0,2018_11_18_am_Sec_2_P2_Shankara_slates,136.0,Performer3_Sess1_Shankarabharanam,0.20262643010956252,0.0004239201636265625,Left,477.9825247662886,"(-0.22149294375000003, -0.08748810625, 0.006010824999999999)",0.20262643010956252
645,511.7190434199175,514.6393233010639,0.0,15.0,2018_11_18_am_Sec_2_P2_Shankara_slates,136.0,Performer3_Sess1_Shankarabharanam,0.029136896527177148,0.00019540850824571434,Left,149.10761454940985,"(-0.22325783999999999, -0.08798372, 0.009501754285714285)",0.029136896527177148
646,566.2942739384644,569.124545193137,0.0,16.0,2018_11_18_am_Sec_2_P2_Shankara_slates,136.0,Performer3_Sess1_Shankarabharanam,0.22895600757931764,0.0005624938994117647,Left,407.037316882461,"(-0.2093941294117647, -0.0876637294117647, 0.009776888235294117)",0.22895600757931764
647,312.54995495063736,315.38022620531,0.0,17.0,2018_11_18_am_Sec_2_P2_Shankara_slates,136.0,Performer3_Sess1_Shankarabharanam,0.09783140972130588,0.0011556532122352942,Left,84.65464266055892,"(-0.1809539235294118, -0.08554428235294118, -0.0011638058823529409)",0.09783140972130588
648,516.7195226684557,519.5497939231284,0.0,18.0,2018_11_18_am_Sec_2_P2_Shankara_slates,136.0,Performer3_Sess1_Shankarabharanam,0.40567034225757986,0.001789316712201183,Left,226.71802006394498,"(-0.22814684615384612, -0.08571432544378699, 0.011075751479289943)",0.40567034225757986
649,38.77371609316591,41.37396530240582,0.0,19.0,2018_11_18_am_Sec_2_P2_Shankara_slates,136.0,Performer3_Sess1_Shankarabharanam,0.09148125950879486,0.00024371285342948717,Left,375.36493550293153,"(-0.11152625641025643, -0.08948150641025641, 0.003009019230769231)",0.09148125950879486
651,329.1015412632991,331.701790472539,0.0,21.0,2018_11_18_am_Sec_2_P2_Shankara_slates,136.0,Performer3_Sess1_Shankarabharanam,0.0016170184200192306,0.0014687386675320514,Left,1.100957206183137,"(-0.18987178846153846, -0.08645335256410255, 0.02623975641025641)",0.0016170184200192306
652,164.52576823540684,167.17602223713214,0.0,22.0,2018_11_18_am_Sec_2_P2_Shankara_slates,136.0,Performer3_Sess1_Shankarabharanam,0.057381790451891394,0.00033260386846516393,Left,172.52291958204154,"(-0.14217602049180328, -0.08695532377049181, 0.004061889344262295)",0.057381790451891394
653,69.09662225630211,71.56685900508002,0.0,23.0,2018_11_18_am_Sec_2_P2_Shankara_slates,136.0,Performer3_Sess1_Shankarabharanam,0.0752296606384698,0.00032599063139597317,Left,230.77246212971713,"(-0.11964423489932885, -0.08950841610738255, 0.0017765234899328858)",0.0752296606384698
654,150.76444934342948,153.36469855266938,0.0,24.0,2018_11_18_am_Sec_2_P2_Shankara_slates,136.0,Performer3_Sess1_Shankarabharanam,0.1316768341406667,0.00018928329101282047,Left,695.6601052110194,"(-0.1396655705128205, -0.08707020512820512, 0.004012352564102564)",0.1316768341406667
655,418.4601054346783,420.9303421834563,0.0,25.0,2018_11_18_am_Sec_2_P2_Shankara_slates,136.0,Performer3_Sess1_Shankarabharanam,0.4285227370801419,0.002084229305533784,Left,205.60249102264424,"(-0.2076081081081081, -0.08403174324324324, 0.002945033783783783)",0.4285227370801419
656,317.72045049362595,320.1006786159302,0.0,26.0,2018_11_18_am_Sec_2_P2_Shankara_slates,136.0,Performer3_Sess1_Shankarabharanam,0.3813372338427902,0.002022772104181818,Left,188.52209453275785,"(-0.1782512027972028, -0.08608861538461539, 0.004697895104895105)",0.3813372338427902
657,108.4703958592926,110.80061918911146,0.0,27.0,2018_11_18_am_Sec_2_P2_Shankara_slates,136.0,Performer3_Sess1_Shankarabharanam,0.13689321867427856,0.00028446714565,Left,481.2268157065419,"(-0.1226761357142857, -0.08991775714285714, 0.00348095)",0.13689321867427856
658,95.77917952650245,98.01939422984758,0.0,28.0,2018_11_18_am_Sec_2_P2_Shankara_slates,136.0,Performer3_Sess1_Shankarabharanam,0.06071057944490371,0.0005224514850888889,Left,116.20328619522351,"(-0.11970751111111114, -0.08853138518518516, 0.0005391111111111111)",0.06071057944490371
659,405.3188459695197,407.55906067286486,0.0,29.0,2018_11_18_am_Sec_2_P2_Shankara_slates,136.0,Performer3_Sess1_Shankarabharanam,0.08934454264439552,0.0017445331831417912,Left,51.214011580732326,"(-0.20710590298507459, -0.08078414179104476, 0.007363149253731342)",0.08934454264439552
660,429.48116169845673,432.261428160644,0.0,30.0,2018_11_18_am_Sec_2_P2_Shankara_slates,136.0,Performer3_Sess1_Shankarabharanam,0.39343487122045506,0.0008111910962275449,Left,485.0088629548934,"(-0.21500964670658682, -0.08217413173652695, 0.005602203592814371)",0.39343487122045506
661,74.9971877695773,77.19739863893413,0.0,31.0,2018_11_18_am_Sec_2_P2_Shankara_slates,136.0,Performer3_Sess1_Shankarabharanam,0.14816852098700758,0.0005383962270681819,Left,275.2034905479449,"(-0.1203442196969697, -0.08947956818181817, 0.002716363636363636)",0.14816852098700758
662,399.0682469088469,401.2684577782037,0.0,32.0,2018_11_18_am_Sec_2_P2_Shankara_slates,136.0,Performer3_Sess1_Shankarabharanam,0.17066388006661365,0.0004467561221969697,Left,382.00680771279923,"(-0.20634456818181818, -0.08164062121212123, 0.006280780303030304)",0.17066388006661365
663,505.648461612192,507.79866768906345,0.0,33.0,2018_11_18_am_Sec_2_P2_Shankara_slates,136.0,Performer3_Sess1_Shankarabharanam,0.21243945958280622,0.00047051991844186046,Left,451.4993972759013,"(-0.22157162790697676, -0.0887757984496124, 0.00770377519379845)",0.21243945958280622
664,306.55938081088846,308.66958305377165,0.0,34.0,2018_11_18_am_Sec_2_P2_Shankara_slates,136.0,Performer3_Sess1_Shankarabharanam,0.3801129679457796,0.0011747599318897638,Left,323.5665071878263,"(-0.17973298425196857, -0.08439077952755906, 0.0057134488188976375)",0.3801129679457796
665,377.7862072270679,379.9364133039393,0.0,35.0,2018_11_18_am_Sec_2_P2_Shankara_slates,136.0,Performer3_Sess1_Shankarabharanam,0.08571945584635658,0.0007600029654263566,Left,112.78831760645637,"(-0.19983441085271317, -0.08439975193798448, 0.0029943643410852714)",0.08571945584635658
666,412.4695312949295,414.5797335378126,0.0,36.0,2018_11_18_am_Sec_2_P2_Shankara_slates,136.0,Performer3_Sess1_Shankarabharanam,0.38015859724166673,0.00048268074534126986,Left,787.5984300407159,"(-0.20733204761904764, -0.08208669047619047, 0.0029136031746031747)",0.38015859724166673
667,444.6826186140132,446.7428160644109,0.0,37.0,2018_11_18_am_Sec_2_P2_Shankara_slates,136.0,Performer3_Sess1_Shankarabharanam,0.45256999652588703,0.003243587886379032,Left,139.52758870089133,"(-0.20883860483870967, -0.0850508548387097, 0.003897798387096774)",0.45256999652588703
668,388.48723281893984,390.5074264353493,0.0,38.0,2018_11_18_am_Sec_2_P2_Shankara_slates,136.0,Performer3_Sess1_Shankarabharanam,0.053388449959528926,0.0006491799527024795,Left,82.23983155560715,"(-0.20079867768595044, -0.08285426446280991, 0.006780107438016529)",0.053388449959528926
669,453.50346400843466,455.5236576248441,0.0,39.0,2018_11_18_am_Sec_2_P2_Shankara_slates,136.0,Performer3_Sess1_Shankarabharanam,0.12841226824522314,0.0014709058399421488,Left,87.30148780310346,"(-0.21493814876033063, -0.08501502479338843, 0.004212528925619835)",0.12841226824522314
670,462.4543218633182,464.4745154797277,0.0,40.0,2018_11_18_am_Sec_2_P2_Shankara_slates,136.0,Performer3_Sess1_Shankarabharanam,0.18376478850641323,0.0017746472757768593,Left,103.55003555620337,"(-0.20558528099173554, -0.08934747933884297, 0.0038432479338842973)",0.18376478850641323
677,237.7227834755104,239.7429770919198,0.0,47.0,2018_11_18_am_Sec_2_P2_Shankara_slates,136.0,Performer3_Sess1_Shankarabharanam,0.2986296443832727,0.0004794759818347108,Left,622.8250333636503,"(-0.15990606611570252, -0.08464567768595041, 0.001374090909090909)",0.2986296443832727
686,449.5430844435924,451.5632780600018,0.0,56.0,2018_11_18_am_Sec_2_P2_Shankara_slates,136.0,Performer3_Sess1_Shankarabharanam,0.2901840371159669,0.000899558771644628,Left,322.58485633510617,"(-0.2092814958677686, -0.08738433884297521, 0.002809710743801653)",0.2901840371159669
688,175.9968676315537,178.37709575385793,0.0,58.0,2018_11_18_am_Sec_2_P2_Shankara_slates,136.0,Performer3_Sess1_Shankarabharanam,0.1312137880418951,0.0004708592066503497,Left,278.6688381338835,"(-0.13953725174825174, -0.08566754545454545, 0.005574363636363637)",0.1312137880418951
710,241.9931927537621,245.58353685421253,0.0,2.0,2018_11_18_am_Sec_3_P1_Anandabhairavi_A_slates,136.0,Performer3_Sess1_AnandabhairaviA,0.06122276767023147,0.0006803582478796296,Left,89.98607404413083,"(-0.6197466984126984, 1.6295077724867724, 0.05577733862433863)",0.06122276767023147
711,142.4336509153647,145.9339863893415,0.0,3.0,2018_11_18_am_Sec_3_P1_Anandabhairavi_A_slates,136.0,Performer3_Sess1_AnandabhairaviA,0.05779544558197618,0.0004484917529047619,Left,128.86623936259795,"(-0.6472051095238095, 1.6296283095238095, 0.05353302380952381)",0.05779544558197618
712,184.4976823540688,187.9980178280456,0.0,4.0,2018_11_18_am_Sec_3_P1_Anandabhairavi_A_slates,136.0,Performer3_Sess1_AnandabhairaviA,0.08339199691803333,0.0007940457403380951,Left,105.02165389430338,"(-0.6469175619047619, 1.630748623809524, 0.045164052380952384)",0.08339199691803333
713,136.67309882104857,139.45336528323585,0.0,5.0,2018_11_18_am_Sec_3_P1_Anandabhairavi_A_slates,136.0,Performer3_Sess1_AnandabhairaviA,0.025321500872886225,0.0003304479658562874,Left,76.62780071068316,"(-0.6479832994011976, 1.6298568562874254, 0.056914808383233526)",0.025321500872886225
714,328.6915019649189,331.3817598006325,0.0,6.0,2018_11_18_am_Sec_3_P1_Anandabhairavi_A_slates,136.0,Performer3_Sess1_AnandabhairaviA,0.10345076984691305,0.0016915238072857145,Left,61.158329194854325,"(-0.6243064720496894, 1.6300194285714287, 0.05340506211180124)",0.10345076984691305
715,422.50049266749727,424.79071216332784,0.0,7.0,2018_11_18_am_Sec_3_P1_Anandabhairavi_A_slates,136.0,Performer3_Sess1_AnandabhairaviA,0.094393260854073,0.0001264102125109489,Left,746.7217954870317,"(-0.6293180656934307, 1.632137306569343, 0.058025313868613135)",0.094393260854073
716,362.9747876928975,365.1249937697689,0.0,8.0,2018_11_18_am_Sec_3_P1_Anandabhairavi_A_slates,136.0,Performer3_Sess1_AnandabhairaviA,0.21281760313957365,0.0006563065864961241,Left,324.26553004101305,"(-0.6138451705426357, 1.6315503100775193, 0.06030623255813953)",0.21281760313957365
717,367.475219016582,369.6254250934534,0.0,9.0,2018_11_18_am_Sec_3_P1_Anandabhairavi_A_slates,136.0,Performer3_Sess1_AnandabhairaviA,0.14077136060602324,0.0019903867978914727,Left,70.72563019165429,"(-0.6122829224806201, 1.62985992248062, 0.052687000000000005)",0.14077136060602324
718,228.271877695773,230.5620971916036,0.0,10.0,2018_11_18_am_Sec_3_P1_Anandabhairavi_A_slates,136.0,Performer3_Sess1_AnandabhairaviA,0.10152239451575182,0.00027451467013138686,Left,369.82502416778556,"(-0.6217632700729927, 1.6310948467153283, 0.04514841605839416)",0.10152239451575182
719,325.5912048308252,327.92142816064404,0.0,11.0,2018_11_18_am_Sec_3_P1_Anandabhairavi_A_slates,136.0,Performer3_Sess1_AnandabhairaviA,0.17254745024069998,0.0007570681387214286,Left,227.915350568188,"(-0.6232771642857143, 1.6288364142857144, 0.06064881428571428)",0.17254745024069998
720,376.4260768714655,378.4862743218632,0.0,12.0,2018_11_18_am_Sec_3_P1_Anandabhairavi_A_slates,136.0,Performer3_Sess1_AnandabhairaviA,0.20924040682639514,0.0011771232370322582,Left,177.7557355455222,"(-0.6148953548387097, 1.63111275, 0.047606395161290324)",0.20924040682639514
723,259.094831783763,262.6851758842135,0.0,0.0,2018_11_18_am_Sec_3_P2_Anandabhairavi_B_slates,136.0,Performer3_Sess1_AnandabhairaviB,0.12383834185540739,0.0007963042416805556,Left,155.5163659483384,"(-0.671424523148148, 1.6376056944444444, -0.004333314814814814)",0.12383834185540739
724,72.83698073420875,75.93727786830249,0.0,1.0,2018_11_18_am_Sec_3_P2_Anandabhairavi_B_slates,136.0,Performer3_Sess1_AnandabhairaviB,0.09743362038605374,0.0005039368503333334,Left,193.344900897018,"(-0.6427528924731183, 1.6283095, -0.010966413978494625)",0.09743362038605374
725,329.9116189015623,332.9619112431706,0.0,2.0,2018_11_18_am_Sec_3_P2_Anandabhairavi_B_slates,136.0,Performer3_Sess1_AnandabhairaviB,0.29811147563157375,0.0005847804314371585,Left,509.78360356370666,"(-0.6991676885245902, 1.6338036174863384, -0.005139224043715847)",0.29811147563157375
726,362.38473114156994,365.3050110227163,0.0,3.0,2018_11_18_am_Sec_3_P2_Anandabhairavi_B_slates,136.0,Performer3_Sess1_AnandabhairaviB,0.20527461854358284,0.0008775056604971429,Left,233.92968021116394,"(-0.7144749257142857, 1.6361827600000003, -0.00318392)",0.20527461854358284
727,283.9672155659925,286.7074781941915,0.0,4.0,2018_11_18_am_Sec_3_P2_Anandabhairavi_B_slates,136.0,Performer3_Sess1_AnandabhairaviB,0.35554668766709147,0.001795947202042683,Left,197.97168160773217,"(-0.6938553414634147, 1.63490675, -0.004130481707317074)",0.35554668766709147
729,401.75850474456047,404.4487625802741,0.0,6.0,2018_11_18_am_Sec_3_P2_Anandabhairavi_B_slates,136.0,Performer3_Sess1_AnandabhairaviB,0.11385550313845963,0.00040084002233540367,Left,284.0422532538201,"(-0.729697950310559, 1.6360788385093166, -0.002868354037267081)",0.11385550313845963
730,281.9970267420684,284.5972759513083,0.0,7.0,2018_11_18_am_Sec_3_P2_Anandabhairavi_B_slates,136.0,Performer3_Sess1_AnandabhairaviB,0.2982631158916859,0.0010430745711217948,Left,285.94610984611876,"(-0.6884690769230769, 1.6347822115384614, -0.0058314743589743595)",0.2982631158916859
731,135.68300392983798,138.2432493050896,0.0,8.0,2018_11_18_am_Sec_3_P2_Anandabhairavi_B_slates,136.0,Performer3_Sess1_AnandabhairaviB,0.24380334638561035,0.0017413829298766235,Left,140.00559107518285,"(-0.6549505584415584, 1.6264714675324676, -0.006235733766233766)",0.24380334638561035
733,342.86286015527645,345.42310553052806,0.0,10.0,2018_11_18_am_Sec_3_P2_Anandabhairavi_B_slates,136.0,Performer3_Sess1_AnandabhairaviB,0.1633718487981234,0.002307777836292208,Left,70.79184409735247,"(-0.7054811363636363, 1.6359531298701298, -0.0023052987012987013)",0.1633718487981234
734,304.5791910284673,307.0894316112335,0.0,11.0,2018_11_18_am_Sec_3_P2_Anandabhairavi_B_slates,136.0,Performer3_Sess1_AnandabhairaviB,0.3519488111965232,0.0014388007453774838,Left,244.61261389198538,"(-0.702476417218543, 1.6388145099337748, 0.0023447483443708606)",0.3519488111965232
735,307.67948816256103,310.23973353781264,0.0,12.0,2018_11_18_am_Sec_3_P2_Anandabhairavi_B_slates,136.0,Performer3_Sess1_AnandabhairaviB,0.2974961922566559,0.0022716726086948053,Left,130.95909644637703,"(-0.7014252012987012, 1.6369409935064936, -0.004809915584415584)",0.2974961922566559
736,338.9524853829195,341.2827087127384,0.0,13.0,2018_11_18_am_Sec_3_P2_Anandabhairavi_B_slates,136.0,Performer3_Sess1_AnandabhairaviB,0.23946064943565465,0.0007985821162374102,Left,299.8572652288966,"(-0.7032441079136689, 1.6349545755395682, -0.0013571510791366903)",0.23946064943565465
737,79.39760950829098,81.77783763059522,0.0,14.0,2018_11_18_am_Sec_3_P2_Anandabhairavi_B_slates,136.0,Performer3_Sess1_AnandabhairaviB,0.06455501792481817,0.00012860442584615382,Left,501.9657566221219,"(-0.6445733356643356, 1.6275252937062938, -0.008934454545454546)",0.06455501792481817
738,391.2775002396242,393.7477369884021,0.0,15.0,2018_11_18_am_Sec_3_P2_Anandabhairavi_B_slates,136.0,Performer3_Sess1_AnandabhairaviB,0.277029972526419,0.0007848094584256757,Left,352.99010422496673,"(-0.7190892972972973, 1.6368850675675675, -0.0007319662162162163)",0.277029972526419
739,360.3245336911722,362.5647483945173,0.0,16.0,2018_11_18_am_Sec_3_P2_Anandabhairavi_B_slates,136.0,Performer3_Sess1_AnandabhairaviB,0.5649059293703805,0.0007656776522388059,Left,737.7855781981123,"(-0.7139893283582088, 1.6374808059701493, -0.004196858208955223)",0.5649059293703805
740,215.36064027604712,217.60085497939227,0.0,17.0,2018_11_18_am_Sec_3_P2_Anandabhairavi_B_slates,136.0,Performer3_Sess1_AnandabhairaviB,0.1094487376451926,0.0008490663537333332,Left,128.90481075353887,"(-0.6452634296296296, 1.6365706, -0.0020741185185185183)",0.1094487376451926
741,283.38715997316206,285.58737084251885,0.0,18.0,2018_11_18_am_Sec_3_P2_Anandabhairavi_B_slates,136.0,Performer3_Sess1_AnandabhairaviB,0.3658556435876894,0.0009007777064924241,Left,406.15530441168437,"(-0.6919640681818182, 1.634725340909091, -0.004862742424242424)",0.3658556435876894
742,311.5098552669414,313.7100661362982,0.0,19.0,2018_11_18_am_Sec_3_P2_Anandabhairavi_B_slates,136.0,Performer3_Sess1_AnandabhairaviB,0.15042160499462878,0.0014505575434469698,Left,103.699164279399,"(-0.7060914242424243, 1.6366597348484848, -0.004954204545454546)",0.15042160499462878
743,198.03898015911048,200.189186235982,0.0,20.0,2018_11_18_am_Sec_3_P2_Anandabhairavi_B_slates,136.0,Performer3_Sess1_AnandabhairaviB,0.07134594821013954,0.0006737961409147286,Left,105.88654917685055,"(-0.6447243410852714, 1.6367707829457365, -0.006165976744186047)",0.07134594821013954
744,236.10262819898395,238.2528342758554,0.0,21.0,2018_11_18_am_Sec_3_P2_Anandabhairavi_B_slates,136.0,Performer3_Sess1_AnandabhairaviB,0.25059064281086824,0.0005612155922093023,Left,446.5140425346768,"(-0.6614603488372093, 1.6393218372093024, -0.0047438294573643415)",0.25059064281086824
745,139.7833969136394,141.89359915652255,0.0,22.0,2018_11_18_am_Sec_3_P2_Anandabhairavi_B_slates,136.0,Performer3_Sess1_AnandabhairaviB,0.15741274855127776,0.0011941096914761902,Left,131.8243622633026,"(-0.6561524523809521, 1.6266560158730157, -0.007979341269841272)",0.15741274855127776
746,206.94983418000567,209.0100316304035,0.0,23.0,2018_11_18_am_Sec_3_P2_Anandabhairavi_B_slates,136.0,Performer3_Sess1_AnandabhairaviB,0.18619868995383068,0.0009223699874112905,Left,201.86984886229124,"(-0.6437687499999999, 1.636225177419355, -0.005763516129032258)",0.18619868995383068
747,351.14365379085586,353.25385603373905,0.0,24.0,2018_11_18_am_Sec_3_P2_Anandabhairavi_B_slates,136.0,Performer3_Sess1_AnandabhairaviB,0.0007212594128818897,0.0007744675885984251,Right,1.073771204598821,"(-0.7037243464566929, 1.6348552440944886, 0.012025472440944882)",0.0007744675885984251
748,372.60571072558224,374.6259043419917,0.0,25.0,2018_11_18_am_Sec_3_P2_Anandabhairavi_B_slates,136.0,Performer3_Sess1_AnandabhairaviB,0.31860423823887607,0.002159680846297521,Left,147.5237597189787,"(-0.706421214876033, 1.6360752066115702, -0.0017829752066115703)",0.31860423823887607
760,145.89398255535318,147.91417617176265,0.0,37.0,2018_11_18_am_Sec_3_P2_Anandabhairavi_B_slates,136.0,Performer3_Sess1_AnandabhairaviB,0.17638636036517355,0.000888516486107438,Left,198.51782507482386,"(-0.6562178925619835, 1.6275729008264461, -0.007946347107438016)",0.17638636036517355
763,210.2401495255439,217.48084347742736,0.0,0.0,2018_11_18_am_Sec_4_P1_Kalyani_slates,136.0,Performer3_Sess1_Kalyani,0.0188665177587765,9.419301757834102e-05,Left,200.29635151124742,"(-0.34147880414746545, 1.6349081244239634, 0.014079145161290323)",0.0188665177587765
764,193.5885536279114,198.57903191795265,0.0,1.0,2018_11_18_am_Sec_4_P1_Kalyani_slates,136.0,Performer3_Sess1_Kalyani,0.17520805810340467,0.00019143525654180603,Left,915.2340131512942,"(-0.36266145484949835, 1.6350993076923077, 0.019195397993311037)",0.17520805810340467
765,33.10317262532349,38.0936509153647,0.0,2.0,2018_11_18_am_Sec_4_P1_Kalyani_slates,136.0,Performer3_Sess1_Kalyani,0.02433912978255518,6.93841098361204e-05,Left,350.7882401322467,"(-0.35939007023411373, 1.683559568561873, 0.009567939799331104)",0.02433912978255518
766,144.64386274321862,149.54433240678614,0.0,3.0,2018_11_18_am_Sec_4_P1_Kalyani_slates,136.0,Performer3_Sess1_Kalyani,0.10730748110298127,0.0001884519936828194,Left,569.4154729060008,"(-0.3551451453744494, 1.6551573480176214, 0.016106202643171807)",0.10730748110298127
767,229.90203393079648,234.1224384165628,0.0,4.0,2018_11_18_am_Sec_4_P1_Kalyani_slates,136.0,Performer3_Sess1_Kalyani,0.21359400674297624,0.00028247575404743085,Left,756.1498772284414,"(-0.332561604743083, 1.6214327865612648, 0.019613075098814232)",0.21359400674297624
768,122.23171475127,126.412115403048,0.0,5.0,2018_11_18_am_Sec_4_P1_Kalyani_slates,136.0,Performer3_Sess1_Kalyani,0.09868398834092432,0.00020790405316733067,Left,474.66120471205505,"(-0.36670264541832664, 1.6515842231075697, 0.01585396015936255)",0.09868398834092432
769,450.3931659158439,454.3035406882008,0.0,6.0,2018_11_18_am_Sec_4_P1_Kalyani_slates,136.0,Performer3_Sess1_Kalyani,0.11271012598686382,0.00047173389878723404,Left,238.92734076695945,"(-0.22606447234042554, 1.6432266340425534, 0.024410131914893617)",0.11271012598686382
770,466.0946707562541,470.2250666155467,0.0,7.0,2018_11_18_am_Sec_4_P1_Kalyani_slates,136.0,Performer3_Sess1_Kalyani,0.18212294449609678,0.00029395082441129034,Left,619.5694292092676,"(-0.2259148629032258, 1.6432917782258065, 0.028654866935483872)",0.18212294449609678
771,191.1183168791335,194.84867439854304,0.0,8.0,2018_11_18_am_Sec_4_P1_Kalyani_slates,136.0,Performer3_Sess1_Kalyani,0.1673101642494933,0.00017010138020627803,Left,983.5908682610342,"(-0.36127234977578465, 1.634619457399103, 0.01641842600896861)",0.1673101642494933
772,35.22337582670372,38.50369021374484,0.0,9.0,2018_11_18_am_Sec_4_P1_Kalyani_slates,136.0,Performer3_Sess1_Kalyani,0.01942317245010152,3.201671066497463e-05,Left,606.6573375805879,"(-0.36009778172588824, 1.6829498832487308, 0.010002527918781727)",0.01942317245010152
773,55.87535512316686,59.42569538962905,0.0,10.0,2018_11_18_am_Sec_4_P1_Kalyani_slates,136.0,Performer3_Sess1_Kalyani,0.11171238284939905,0.00014704413496713616,Left,759.7200859073118,"(-0.3722844835680751, 1.678344765258216, 0.015289178403755868)",0.11171238284939905
774,66.08633374868205,69.09662225630211,0.0,11.0,2018_11_18_am_Sec_4_P1_Kalyani_slates,136.0,Performer3_Sess1_Kalyani,0.05973142692006666,6.0041876688888894e-05,Left,994.8294459476866,"(-0.3662372611111111, 1.6790628777777776, 0.012700133333333335)",0.05973142692006666
776,364.7749602223713,367.7352439375059,0.0,13.0,2018_11_18_am_Sec_4_P1_Kalyani_slates,136.0,Performer3_Sess1_Kalyani,0.28028483689321354,0.0014728639766179777,Left,190.2992002946597,"(-0.2778363370786517, 1.5847109213483144, 0.02162741011235955)",0.28028483689321354
777,92.22883926004025,95.23912776766028,0.0,14.0,2018_11_18_am_Sec_4_P1_Kalyani_slates,136.0,Performer3_Sess1_Kalyani,0.20159436385817128,0.0016669050670883978,Left,120.93931912409293,"(-0.3835543314917127, 1.6622720165745857, 0.013616270718232045)",0.20159436385817128
778,146.84407361257544,149.62434007476276,0.0,15.0,2018_11_18_am_Sec_4_P1_Kalyani_slates,136.0,Performer3_Sess1_Kalyani,0.17794688914966278,0.00021729482300775194,Left,818.9191380013438,"(-0.35494422093023253, 1.6549776472868218, 0.01694581007751938)",0.17794688914966278
779,44.35425093453464,46.77448289082717,0.0,16.0,2018_11_18_am_Sec_4_P1_Kalyani_slates,136.0,Performer3_Sess1_Kalyani,0.05137918905402069,6.728739424137931e-05,Left,763.5782249154828,"(-0.36503516551724136, 1.6817677103448274, 0.007535068965517241)",0.05137918905402069
780,143.38374197258696,145.8039739288795,0.0,17.0,2018_11_18_am_Sec_4_P1_Kalyani_slates,136.0,Performer3_Sess1_Kalyani,0.09833458884418658,0.00030040792868097016,Left,327.3368624987818,"(-0.3552319776119403, 1.6553198731343284, 0.012876249999999999)",0.09833458884418658
781,277.7266174638167,280.1468494201092,0.0,18.0,2018_11_18_am_Sec_4_P1_Kalyani_slates,136.0,Performer3_Sess1_Kalyani,0.0036762531425793103,0.0008142310378482758,Left,4.515000008221677,"(-0.3284574965517241, 1.590934420689655, 0.016387820689655174)",0.0036762531425793103
782,93.84899453656664,96.22922265887088,0.0,19.0,2018_11_18_am_Sec_4_P1_Kalyani_slates,136.0,Performer3_Sess1_Kalyani,0.09943299263245454,0.0002766990568111888,Left,359.35428829562164,"(-0.3843331258741259, 1.6564787622377621, 0.013959286713286714)",0.09943299263245454
783,310.6997776286782,312.9899971245087,0.0,20.0,2018_11_18_am_Sec_4_P1_Kalyani_slates,136.0,Performer3_Sess1_Kalyani,0.10435630990997102,0.00014904954142028984,Left,700.1451256780935,"(-0.2944005, 1.5888876884057972, 0.01971907246376812)",0.10435630990997102
784,272.99616409469945,275.28638359053,0.0,21.0,2018_11_18_am_Sec_4_P1_Kalyani_slates,136.0,Performer3_Sess1_Kalyani,0.3871378855696159,0.0005446994518405798,Left,710.7366902269653,"(-0.33938488405797096, 1.592915304347826, 0.014813528985507246)",0.3871378855696159
786,228.5519045336912,230.79211923703627,0.0,23.0,2018_11_18_am_Sec_4_P1_Kalyani_slates,136.0,Performer3_Sess1_Kalyani,0.15898764887078357,0.00027759008185820894,Left,572.7425411113692,"(-0.33449222388059696, 1.6246106119402983, 0.017760477611940297)",0.15898764887078357
787,352.09374484807813,354.74399884980346,0.0,24.0,2018_11_18_am_Sec_4_P1_Kalyani_slates,136.0,Performer3_Sess1_Kalyani,0.2727298634988822,0.00038702509482324847,Left,704.682634658189,"(-0.27895231847133756, 1.5862725700636942, 0.021791184713375798)",0.2727298634988822
788,465.7846410428447,467.9848519122016,0.0,25.0,2018_11_18_am_Sec_4_P1_Kalyani_slates,136.0,Performer3_Sess1_Kalyani,0.24107151688728032,0.0004677947308030303,Left,515.336110078559,"(-0.22485095454545456, 1.6437455454545453, 0.02891637878787879)",0.24107151688728032
789,225.5816198600594,227.6418173104572,0.0,26.0,2018_11_18_am_Sec_4_P1_Kalyani_slates,136.0,Performer3_Sess1_Kalyani,0.1112708660691613,0.0003091125471532258,Left,359.96877866625323,"(-0.3455631048387097, 1.6388300806451612, 0.01821415322580645)",0.1112708660691613
790,124.35191795265024,126.412115403048,0.0,27.0,2018_11_18_am_Sec_4_P1_Kalyani_slates,136.0,Performer3_Sess1_Kalyani,0.14425450783157723,0.00022863084693495935,Left,630.9494530832692,"(-0.3664627642276423, 1.6516111219512197, 0.017030796747967484)",0.14425450783157723
791,155.48490175404962,157.5450992044474,0.0,28.0,2018_11_18_am_Sec_4_P1_Kalyani_slates,136.0,Performer3_Sess1_Kalyani,0.11219937260365041,0.00016807316006504065,Left,667.5627004349278,"(-0.36011786991869926, 1.654156674796748, 0.01474867479674797)",0.11219937260365041
792,320.2406920348892,322.30088948528703,0.0,29.0,2018_11_18_am_Sec_4_P1_Kalyani_slates,136.0,Performer3_Sess1_Kalyani,0.22877878138174998,0.0005614867181935484,Left,407.4518131395734,"(-0.2924450080645161, 1.5849248870967743, 0.017030153225806453)",0.22877878138174998
793,257.654693760184,260.394956388383,0.0,30.0,2018_11_18_am_Sec_4_P1_Kalyani_slates,136.0,Performer3_Sess1_Kalyani,0.19345630830357316,0.0006289825558292683,Left,307.5702283166103,"(-0.34128724390243903, 1.5986137987804878, 0.015339518292682926)",0.19345630830357316
794,473.8354126329914,475.9456148758745,0.0,31.0,2018_11_18_am_Sec_4_P1_Kalyani_slates,136.0,Performer3_Sess1_Kalyani,0.059922484929396835,0.00015913786831746028,Left,376.54447406483365,"(-0.2251537063492063, 1.6420697936507935, 0.027895190476190476)",0.059922484929396835
798,407.2090271254672,409.409237994824,0.0,35.0,2018_11_18_am_Sec_4_P1_Kalyani_slates,136.0,Performer3_Sess1_Kalyani,0.004469388893901515,0.00031342659743939397,Left,14.259762669840878,"(-0.21168635606060607, 1.6458133030303033, 0.021450992424242425)",0.004469388893901515
823,267.055594747436,271.77604715805614,0.0,0.0,2018_11_18_am_Sec_5_P1_Bhairavi_slates,136.0,Performer3_Sess1_Bhairavi,0.45080573047298234,0.0007192357314805654,Left,626.7843917389741,"(-0.7181749116607774, 1.842445445229682, 0.0052521095406360425)",0.45080573047298234
824,363.42483082526593,368.0552746094124,0.0,1.0,2018_11_18_am_Sec_5_P1_Bhairavi_slates,136.0,Performer3_Sess1_Bhairavi,0.11423702024396404,0.0014217932804532372,Left,80.34713753011107,"(-0.7549110755395683, 1.8346406151079135, 0.005035985611510791)",0.11423702024396404
825,216.6707658391641,220.8511664909421,0.0,2.0,2018_11_18_am_Sec_5_P1_Bhairavi_slates,136.0,Performer3_Sess1_Bhairavi,0.10562607562584064,0.00038035919544621513,Left,277.70085984624694,"(-0.714989187250996, 1.8454599123505977, 0.00743701593625498)",0.10562607562584064
826,343.00287357423554,346.8232397201188,0.0,3.0,2018_11_18_am_Sec_5_P1_Bhairavi_slates,136.0,Performer3_Sess1_Bhairavi,0.20602892745371612,0.0005381558009868995,Left,382.84252827134634,"(-0.7485675109170307, 1.8377901790393012, 0.004001043668122271)",0.20602892745371612
827,436.0917952650244,439.8621566184222,0.0,4.0,2018_11_18_am_Sec_5_P1_Bhairavi_slates,136.0,Performer3_Sess1_Bhairavi,0.1933612113331283,0.0016585153805044248,Left,116.58692684195607,"(-0.7602947168141593, 1.8769989867256636, 0.00406533185840708)",0.1933612113331283
828,470.5050934534649,474.0554337199271,0.0,5.0,2018_11_18_am_Sec_5_P1_Bhairavi_slates,136.0,Performer3_Sess1_Bhairavi,0.2831915297039621,0.0028269552809609003,Left,100.17545435232476,"(-0.7756472061611375, 1.877890440758294, 0.012153682464454977)",0.2831915297039621
829,444.9926483274225,448.3129665484519,0.0,6.0,2018_11_18_am_Sec_5_P1_Bhairavi_slates,136.0,Performer3_Sess1_Bhairavi,0.28802072555556274,0.002457592962683417,Left,117.19626884066118,"(-0.764205095477387, 1.8753375628140703, 0.005101909547738692)",0.28802072555556274
830,483.10630115978137,486.47662417329616,0.0,7.0,2018_11_18_am_Sec_5_P1_Bhairavi_slates,136.0,Performer3_Sess1_Bhairavi,0.3110572500884592,0.0015764872314618422,Left,197.31035169883526,"(-0.7768855, 1.876473765789474, 0.010843602631578946)",0.3110572500884592
831,226.3016888718489,229.58200325889,0.0,8.0,2018_11_18_am_Sec_5_P1_Bhairavi_slates,136.0,Performer3_Sess1_Bhairavi,0.17575823283272451,0.0016609692368673471,Left,105.81666952737271,"(-0.7157386173469389, 1.8465463163265308, 0.005037877551020409)",0.17575823283272451
832,357.94430556886795,361.0446027029617,0.0,9.0,2018_11_18_am_Sec_5_P1_Bhairavi_slates,136.0,Performer3_Sess1_Bhairavi,0.10792378656574729,0.0020383535475752687,Left,52.94654928441067,"(-0.7459608225806452, 1.8339243440860216, 0.008319650537634409)",0.10792378656574729
833,437.8019591680245,440.9422601361065,0.0,10.0,2018_11_18_am_Sec_5_P1_Bhairavi_slates,136.0,Performer3_Sess1_Bhairavi,0.2381349991401436,0.0013091020149521276,Left,181.9071366633348,"(-0.7604121117021275, 1.8764754255319152, 0.0034781968085106385)",0.2381349991401436
834,39.81381577686187,43.004121537429306,0.0,11.0,2018_11_18_am_Sec_5_P1_Bhairavi_slates,136.0,Performer3_Sess1_Bhairavi,0.04546840594163021,0.00043460360368229164,Left,104.62040709369954,"(-0.6808357916666666, 1.8331342812499998, -0.00310109375)",0.04546840594163021
835,274.61631937122587,277.6266078788459,0.0,12.0,2018_11_18_am_Sec_5_P1_Bhairavi_slates,136.0,Performer3_Sess1_Bhairavi,0.06362264539346961,0.0005847330462320443,Left,108.80631050946576,"(-0.7159481049723756, 1.8396983425414366, 0.005224900552486187)",0.06362264539346961
836,306.51937697690016,309.4796606920348,0.0,13.0,2018_11_18_am_Sec_5_P1_Bhairavi_slates,136.0,Performer3_Sess1_Bhairavi,0.1363570347513842,0.001547508076677966,Left,88.11394060320622,"(-0.7318475423728813, 1.84008802259887, 0.008668887005649717)",0.1363570347513842
838,71.21682545768235,74.2671177992907,0.0,15.0,2018_11_18_am_Sec_5_P1_Bhairavi_slates,136.0,Performer3_Sess1_Bhairavi,0.19286665542711473,0.0006320148377486339,Left,305.16159417102483,"(-0.6907003661202186, 1.8358209890710382, 0.0032369945355191256)",0.19286665542711473
839,506.3585296654844,509.2288047541454,0.0,16.0,2018_11_18_am_Sec_5_P1_Bhairavi_slates,136.0,Performer3_Sess1_Bhairavi,0.16526801420090698,0.00016953357643604652,Left,974.8394251757636,"(-0.7687829593023257, 1.8772180058139536, 0.007478220930232558)",0.16526801420090698
840,296.2583935588996,299.0886648135723,0.0,17.0,2018_11_18_am_Sec_5_P1_Bhairavi_slates,136.0,Performer3_Sess1_Bhairavi,0.23794246810505296,0.0014212118403176472,Left,167.42223879296682,"(-0.7275876882352942, 1.839888111764706, 0.007766711764705882)",0.23794246810505296
842,342.06278347551034,344.893054730183,0.0,19.0,2018_11_18_am_Sec_5_P1_Bhairavi_slates,136.0,Performer3_Sess1_Bhairavi,0.2113037488793529,0.0008597001026882352,Left,245.78774414312343,"(-0.7485131058823529, 1.8386846588235295, 0.004569588235294117)",0.2113037488793529
844,245.73355123166868,248.47381385986768,0.0,21.0,2018_11_18_am_Sec_5_P1_Bhairavi_slates,136.0,Performer3_Sess1_Bhairavi,0.09738292645599998,0.001106494147859756,Left,88.01034026647459,"(-0.7026941829268293, 1.845461768292683, 0.011316176829268292)",0.09738292645599998
845,453.50346400843466,456.24372663663365,0.0,22.0,2018_11_18_am_Sec_5_P1_Bhairavi_slates,136.0,Performer3_Sess1_Bhairavi,0.1762205962619573,0.004047322261756098,Left,43.540045705551684,"(-0.7627010426829268, 1.8739040487804874, 0.005495207317073171)",0.1762205962619573
846,282.2670526214894,285.0073152496884,0.0,23.0,2018_11_18_am_Sec_5_P1_Bhairavi_slates,136.0,Performer3_Sess1_Bhairavi,0.12461102159217685,0.0007486324370914633,Left,166.4515393913564,"(-0.7182278536585366, 1.8397250304878052, 0.005375451219512196)",0.12461102159217685
847,65.94632032972298,68.68658295792197,0.0,24.0,2018_11_18_am_Sec_5_P1_Bhairavi_slates,136.0,Performer3_Sess1_Bhairavi,0.0656981912580788,0.0001573874140121212,Left,417.42976508286137,"(-0.6919838121212121, 1.8368219757575757, 0.0026052000000000002)",0.0656981912580788
848,463.8444550944119,467.254781941915,0.0,25.0,2018_11_18_am_Sec_5_P1_Bhairavi_slates,136.0,Performer3_Sess1_Bhairavi,0.11797585587551707,0.0009299188223853658,Left,126.8668329273014,"(-0.7715229902439025, 1.8771532292682926, 0.00660349756097561)",0.11797585587551707
849,298.4586044282564,301.14886226397005,0.0,26.0,2018_11_18_am_Sec_5_P1_Bhairavi_slates,136.0,Performer3_Sess1_Bhairavi,0.29339094099298757,0.0016239352931366458,Left,180.6666449291217,"(-0.7278019565217391, 1.839618093167702, 0.007433006211180124)",0.29339094099298757
850,374.405883255056,377.0961410907696,0.0,27.0,2018_11_18_am_Sec_5_P1_Bhairavi_slates,136.0,Performer3_Sess1_Bhairavi,0.5934603354041366,0.003450232101366459,Left,172.00591669444427,"(-0.7592310683229813, 1.8402119440993792, 0.003019472049689441)",0.5934603354041366
851,363.1148011118565,366.12508961947657,0.0,28.0,2018_11_18_am_Sec_5_P1_Bhairavi_slates,136.0,Performer3_Sess1_Bhairavi,0.037516078263,0.0010041076336243094,Left,37.362606364804094,"(-0.7532820331491712, 1.834992955801105, 0.004115386740331492)",0.037516078263
852,81.91785104955429,84.60810888526788,0.0,29.0,2018_11_18_am_Sec_5_P1_Bhairavi_slates,136.0,Performer3_Sess1_Bhairavi,0.0569922342412236,0.00047893341076397515,Left,118.99824267910627,"(-0.6870695279503105, 1.836266440993789, 0.010625621118012423)",0.0569922342412236
853,345.25308923607776,347.9033432378031,0.0,30.0,2018_11_18_am_Sec_5_P1_Bhairavi_slates,136.0,Performer3_Sess1_Bhairavi,0.1865837233552264,0.0017712592592641512,Left,105.33958954870357,"(-0.7495926352201258, 1.8360543018867925, 0.005508320754716981)",0.1865837233552264
854,115.66108501869068,118.31133902041596,0.0,31.0,2018_11_18_am_Sec_5_P1_Bhairavi_slates,136.0,Performer3_Sess1_Bhairavi,0.16353573241446542,0.0004927802181446541,Left,331.86342793991787,"(-0.6831078176100629, 1.835412327044025, 0.0071929245283018865)",0.16353573241446542
855,124.44192657912392,127.00217195437553,0.0,32.0,2018_11_18_am_Sec_5_P1_Bhairavi_slates,136.0,Performer3_Sess1_Bhairavi,0.1792153933375779,0.00028003772994155844,Left,639.9687405514203,"(-0.6824683766233766, 1.8359788571428572, 0.006117201298701299)",0.1792153933375779
856,450.03313140994914,452.5933767852008,0.0,33.0,2018_11_18_am_Sec_5_P1_Bhairavi_slates,136.0,Performer3_Sess1_Bhairavi,0.2775828532743636,0.0006466578476818182,Left,429.25768900734903,"(-0.7627951298701299, 1.8750995324675326, 0.004765694805194806)",0.2775828532743636
857,165.8758976325122,168.74617272117317,0.0,34.0,2018_11_18_am_Sec_5_P1_Bhairavi_slates,136.0,Performer3_Sess1_Bhairavi,0.12634421993419764,0.0005069083071569769,Left,249.2447216791655,"(-0.6986413895348836, 1.8330509709302327, 0.007512209302325582)",0.12634421993419764
858,188.0580235790281,190.70827758075333,0.0,35.0,2018_11_18_am_Sec_5_P1_Bhairavi_slates,136.0,Performer3_Sess1_Bhairavi,0.08683645996425787,0.0005472123517295598,Left,158.6887790266359,"(-0.7236750125786163, 1.8503877735849061, 0.006346496855345912)",0.08683645996425787
859,518.6897114923798,521.3399654941052,0.0,36.0,2018_11_18_am_Sec_5_P1_Bhairavi_slates,136.0,Performer3_Sess1_Bhairavi,0.2621741334547359,0.0010460588303773583,Left,250.63039079757917,"(-0.7717991069182389, 1.8766892641509434, 0.010243817610062891)",0.2621741334547359
860,83.26798044665962,86.27826895427967,0.0,37.0,2018_11_18_am_Sec_5_P1_Bhairavi_slates,136.0,Performer3_Sess1_Bhairavi,0.1335880011390889,0.00044962497299444443,Left,297.1098341122158,"(-0.6869661, 1.8364737666666666, 0.0038983555555555547)",0.1335880011390889
861,308.8996050992044,311.3698418479823,0.0,38.0,2018_11_18_am_Sec_5_P1_Bhairavi_slates,136.0,Performer3_Sess1_Bhairavi,0.1285545191017651,0.0016685813516174497,Left,77.04420223631888,"(-0.7298762953020134, 1.8407252147651008, 0.0042467315436241606)",0.1285545191017651
862,284.19723761142524,286.88749544713886,0.0,39.0,2018_11_18_am_Sec_5_P1_Bhairavi_slates,136.0,Performer3_Sess1_Bhairavi,0.28808962659853704,0.0008032184129135804,Left,358.669101662555,"(-0.7162696728395062, 1.839715388888889, 0.0006814074074074075)",0.28808962659853704
863,399.9183283810984,402.65859100929737,0.0,40.0,2018_11_18_am_Sec_5_P1_Bhairavi_slates,136.0,Performer3_Sess1_Bhairavi,0.42216364773170123,0.005301781592347561,Left,79.62675194712662,"(-0.792497743902439, 1.8212413475609757, 0.00024353048780487806)",0.42216364773170123
864,487.60673248346586,490.1169730662321,0.0,41.0,2018_11_18_am_Sec_5_P1_Bhairavi_slates,136.0,Performer3_Sess1_Bhairavi,0.19952934226616384,0.0005309519803766892,Left,375.79545729277766,"(-0.7700990777027027, 1.8785850168918918, 0.00671116554054054)",0.19952934226616384
865,332.6518815297613,335.2121269050129,0.0,42.0,2018_11_18_am_Sec_5_P1_Bhairavi_slates,136.0,Performer3_Sess1_Bhairavi,0.10766204870522221,0.00019644179878431373,Left,548.060796487775,"(-0.7461830653594771, 1.8577139999999999, 0.012396967320261437)",0.10766204870522221
867,446.52279497747526,448.9430269337678,0.0,44.0,2018_11_18_am_Sec_5_P1_Bhairavi_slates,136.0,Performer3_Sess1_Bhairavi,0.39661709629344827,0.0024345752400965516,Left,162.91018234364324,"(-0.7627676551724137, 1.8751144206896548, 0.005023668965517241)",0.39661709629344827
868,260.9850129397105,263.6752707754241,0.0,45.0,2018_11_18_am_Sec_5_P1_Bhairavi_slates,136.0,Performer3_Sess1_Bhairavi,0.47108028419660253,0.0014194881057391303,Left,331.86631313920736,"(-0.7192412546583851, 1.8455499627329195, 0.007137111801242235)",0.47108028419660253
869,346.6032186331831,349.1134592159493,0.0,46.0,2018_11_18_am_Sec_5_P1_Bhairavi_slates,136.0,Performer3_Sess1_Bhairavi,0.20612685283478,0.0017940259657733334,Left,114.8962483081603,"(-0.7500726600000001, 1.835406013333333, 0.005608226666666667)",0.20612685283478
870,114.6709901274801,116.82119620435157,0.0,47.0,2018_11_18_am_Sec_5_P1_Bhairavi_slates,136.0,Performer3_Sess1_Bhairavi,0.0923966018348682,0.0005905101356434108,Left,156.469120947762,"(-0.6832214651162791, 1.8355687751937984, 0.008066201550387597)",0.0923966018348682
871,169.116208185565,171.26641426243646,0.0,48.0,2018_11_18_am_Sec_5_P1_Bhairavi_slates,136.0,Performer3_Sess1_Bhairavi,0.1208290230425504,0.00030344179590697677,Left,398.1950564239074,"(-0.6996857209302325, 1.834048542635659, 0.006843674418604651)",0.1208290230425504
872,228.2318738617847,230.6121019840889,0.0,49.0,2018_11_18_am_Sec_5_P1_Bhairavi_slates,136.0,Performer3_Sess1_Bhairavi,0.0976041847649161,0.0014376314055944057,Left,67.89235709869631,"(-0.7160822307692307, 1.8480650839160842, 0.004782685314685314)",0.0976041847649161
873,353.08383973928875,355.2340458161602,0.0,50.0,2018_11_18_am_Sec_5_P1_Bhairavi_slates,136.0,Performer3_Sess1_Bhairavi,0.21027029798727132,0.0012791388468294574,Left,164.3842640761467,"(-0.7433857364341085, 1.8333081395348838, 0.009340922480620155)",0.21027029798727132
874,194.62865331160737,196.73885555449053,0.0,51.0,2018_11_18_am_Sec_5_P1_Bhairavi_slates,136.0,Performer3_Sess1_Bhairavi,0.13486544782386614,0.0009646942435196852,Left,139.80123622569758,"(-0.7244614409448819, 1.8496100157480315, 0.00877611811023622)",0.13486544782386614
875,471.9952362695293,474.0554337199271,0.0,52.0,2018_11_18_am_Sec_5_P1_Bhairavi_slates,136.0,Performer3_Sess1_Bhairavi,0.3201292790635711,0.0036276985402235768,Left,88.24583286455808,"(-0.7755398211382113, 1.8785693495934959, 0.010810443089430896)",0.3201292790635711
876,70.58676507236652,72.6469625227643,0.0,53.0,2018_11_18_am_Sec_5_P1_Bhairavi_slates,136.0,Performer3_Sess1_Bhairavi,0.23563213574651218,0.0009556973873333334,Left,246.555174126815,"(-0.6917350243902437, 1.834909569105691, 0.0031910487804878056)",0.23563213574651218
877,499.6178836384548,501.8180945078117,0.0,54.0,2018_11_18_am_Sec_5_P1_Bhairavi_slates,136.0,Performer3_Sess1_Bhairavi,0.20296054406286365,0.0007631164983863635,Left,265.9627258643088,"(-0.7735861893939395, 1.8765447196969698, 0.007989454545454546)",0.20296054406286365
878,476.1256321288219,478.2358343717051,0.0,55.0,2018_11_18_am_Sec_5_P1_Bhairavi_slates,136.0,Performer3_Sess1_Bhairavi,0.36550003958974003,0.00066353824799,Left,550.8349227748637,"(-0.7765990119999999, 1.8767659639999998, 0.00748314)",0.36550003958974003
879,59.24567813668168,61.30587558707945,0.0,56.0,2018_11_18_am_Sec_5_P1_Bhairavi_slates,136.0,Performer3_Sess1_Bhairavi,0.1257986797536855,0.0005235599158306451,Left,240.27561306732534,"(-0.6906837822580646, 1.8376169435483873, 0.0026935725806451617)",0.1257986797536855
880,211.41026166970187,213.47045912009963,0.0,57.0,2018_11_18_am_Sec_5_P1_Bhairavi_slates,136.0,Performer3_Sess1_Bhairavi,0.19046690292033064,0.0002603017589919355,Left,731.7157734851556,"(-0.7233207338709678, 1.848318548387097, 0.006472467741935484)",0.19046690292033064
881,449.493079651107,451.51327326751647,0.0,58.0,2018_11_18_am_Sec_5_P1_Bhairavi_slates,136.0,Performer3_Sess1_Bhairavi,0.19743539517538014,0.0009157347517438016,Left,215.60325716525537,"(-0.7631495950413224, 1.8751425785123967, 0.004754553719008265)",0.19743539517538014
883,430.37124700469656,432.6614665005271,0.0,60.0,2018_11_18_am_Sec_5_P1_Bhairavi_slates,136.0,Performer3_Sess1_Bhairavi,0.4604041065264453,0.003415568865591241,Left,134.795732319907,"(-0.7548751605839416, 1.876508715328467, 0.0029737080291970808)",0.4604041065264453
884,491.10706795744267,493.1672654078404,0.0,61.0,2018_11_18_am_Sec_5_P1_Bhairavi_slates,136.0,Performer3_Sess1_Bhairavi,0.1818436040211371,0.0004539159565322581,Left,400.61073289943744,"(-0.7727187338709677, 1.8770893709677414, 0.007880709677419355)",0.1818436040211371
885,220.7611578644685,222.82135531486625,0.0,62.0,2018_11_18_am_Sec_5_P1_Bhairavi_slates,136.0,Performer3_Sess1_Bhairavi,0.16604734037566932,0.0002530683088145161,Left,656.1364445572364,"(-0.7151474274193549, 1.8454180806451612, 0.005290459677419353)",0.16604734037566932
886,399.5082890827183,401.568486533116,0.0,63.0,2018_11_18_am_Sec_5_P1_Bhairavi_slates,136.0,Performer3_Sess1_Bhairavi,0.3791029655244919,0.005165998550524193,Left,73.38425704475361,"(-0.7921487822580644, 1.8254179677419353, 0.004985612903225806)",0.3791029655244919
901,134.69290903862742,136.7531064890252,0.0,78.0,2018_11_18_am_Sec_5_P1_Bhairavi_slates,136.0,Performer3_Sess1_Bhairavi,0.1972084761587661,0.0004292985048064516,Left,459.3737782703836,"(-0.6875202016129032, 1.8352171693548391, 0.005659846774193548)",0.1972084761587661
906,108.28037764784816,111.74070928783664,0.0,0.0,2018_11_18_am_Sec_5_P3_Bilahari_slates,136.0,Performer3_Sess1_BilahariA,0.25539269704976447,0.0010830898573701924,Left,235.8001003442811,"(-0.8217341875, 1.8994205144230771, 0.052249548076923086)",0.25539269704976447
907,316.09029425860246,319.0505779737371,0.0,1.0,2018_11_18_am_Sec_5_P3_Bilahari_slates,136.0,Performer3_Sess1_BilahariA,0.21429755027843822,0.0005334179501404494,Left,401.7441674432094,"(-0.8547165168539325, 1.8986597134831462, 0.05384539887640449)",0.21429755027843822
908,271.7260423655707,274.7363308731908,0.0,2.0,2018_11_18_am_Sec_5_P3_Bilahari_slates,136.0,Performer3_Sess1_BilahariA,0.29217635097938127,0.0026939333281160217,Left,108.45715739509863,"(-0.8550408397790057, 1.9006724751381214, 0.02509458011049724)",0.29217635097938127
909,267.9056762196875,270.8659599348222,0.0,3.0,2018_11_18_am_Sec_5_P3_Bilahari_slates,136.0,Performer3_Sess1_BilahariA,0.45851198550366096,0.002203706063355932,Left,208.064039541377,"(-0.8518963276836157, 1.9007261355932206, 0.022599536723163845)",0.45851198550366096
910,122.1417061247963,124.8319639605099,0.0,4.0,2018_11_18_am_Sec_5_P3_Bilahari_slates,136.0,Performer3_Sess1_BilahariA,0.19637273393544102,0.0007760137861552795,Left,253.0531511667591,"(-0.8212482795031056, 1.898827913043478, 0.05462616770186336)",0.19637273393544102
911,313.57005271733914,316.2603105530528,0.0,5.0,2018_11_18_am_Sec_5_P3_Bilahari_slates,136.0,Performer3_Sess1_BilahariA,0.2192047688844783,0.00035697782820496893,Left,614.0570970100016,"(-0.8567483975155279, 1.8979435527950315, 0.069016049689441)",0.2192047688844783
912,321.04076871465537,323.871039969328,0.0,6.0,2018_11_18_am_Sec_5_P3_Bilahari_slates,136.0,Performer3_Sess1_BilahariA,0.3260215649461882,0.0015294469185117648,Left,213.16304671980706,"(-0.8540336470588236, 1.900012417647059, 0.059791311764705875)",0.3260215649461882
913,196.4188248825841,198.9290654653503,0.0,7.0,2018_11_18_am_Sec_5_P3_Bilahari_slates,136.0,Performer3_Sess1_BilahariA,0.20786888977985998,0.0047520564014,Left,43.7429340524283,"(-0.80019318, 1.920272546666666, 0.06367596666666667)",0.20786888977985998
914,248.6038263203297,251.1140669030959,0.0,8.0,2018_11_18_am_Sec_5_P3_Bilahari_slates,136.0,Performer3_Sess1_BilahariA,0.3379638827187867,0.0017444180253000001,Left,193.74019175287106,"(-0.8323144066666667, 1.9024524533333336, 0.039631793333333325)",0.3379638827187867
915,131.90264161794303,134.37287836672095,0.0,9.0,2018_11_18_am_Sec_5_P3_Bilahari_slates,136.0,Performer3_Sess1_BilahariA,0.11052624370735135,0.0003500544377229729,Left,315.7401586630361,"(-0.8207588445945946, 1.9002390202702701, 0.05217645945945946)",0.11052624370735135
916,61.08585450014376,63.646099875395365,0.0,10.0,2018_11_18_am_Sec_5_P3_Bilahari_slates,136.0,Performer3_Sess1_BilahariA,0.13730422404235293,0.000679558400006536,Left,202.04918965173906,"(-0.8182145490196079, 1.89819608496732, 0.0533805816993464)",0.13730422404235293
917,260.16493434295023,262.5451624652544,0.0,11.0,2018_11_18_am_Sec_5_P3_Bilahari_slates,136.0,Performer3_Sess1_BilahariA,0.4947323071343076,0.0018454263327132867,Left,268.085644148642,"(-0.8387781118881119, 1.909802671328671, 0.05481422377622378)",0.4947323071343076
919,202.21938081088848,204.5496041407073,0.0,13.0,2018_11_18_am_Sec_5_P3_Bilahari_slates,136.0,Performer3_Sess1_BilahariA,0.16806695595759713,0.001812066649647482,Left,92.74877168027608,"(-0.8055485683453237, 1.905478964028777, 0.044266712230215825)",0.16806695595759713
920,305.6492935876545,307.97951691747335,0.0,14.0,2018_11_18_am_Sec_5_P3_Bilahari_slates,136.0,Performer3_Sess1_BilahariA,0.11234159576510713,0.002426425530885714,Left,46.29921435260338,"(-0.8538054785714286, 1.9041483285714285, 0.06603564285714285)",0.11234159576510713
921,37.42358669606057,39.71380619189111,0.0,15.0,2018_11_18_am_Sec_5_P3_Bilahari_slates,136.0,Performer3_Sess1_BilahariA,0.0906029489329051,0.0006750722902408759,Left,134.2122173324232,"(-0.8264123138686132, 1.8987921897810218, 0.04079457664233577)",0.0906029489329051
922,152.68463337486818,154.97485287069873,0.0,16.0,2018_11_18_am_Sec_5_P3_Bilahari_slates,136.0,Performer3_Sess1_BilahariA,0.006470397550218977,0.00019071277665693432,Left,33.92744662230113,"(-0.8116879562043795, 1.9002092262773722, 0.05993914598540146)",0.006470397550218977
923,206.80982076104664,209.1000402568772,0.0,17.0,2018_11_18_am_Sec_5_P3_Bilahari_slates,136.0,Performer3_Sess1_BilahariA,0.3643206561435362,0.0015440118072608696,Left,235.9571697769939,"(-0.8044688768115943, 1.9029643405797103, 0.03177399275362318)",0.3643206561435362
925,94.87909326176552,97.11930796511068,0.0,19.0,2018_11_18_am_Sec_5_P3_Bilahari_slates,136.0,Performer3_Sess1_BilahariA,0.22444204472814816,0.0006099067902296297,Left,367.99400879541906,"(-0.8179494, 1.899231874074074, 0.04631414814814815)",0.22444204472814816
926,216.260726540784,218.55094603661453,0.0,20.0,2018_11_18_am_Sec_5_P3_Bilahari_slates,136.0,Performer3_Sess1_BilahariA,0.4376821761398116,0.0018725074264275361,Left,233.7412231121794,"(-0.7989262753623187, 1.9037648260869569, 0.04468512318840579)",0.4376821761398116
927,289.04770248250736,291.2879171858525,0.0,21.0,2018_11_18_am_Sec_5_P3_Bilahari_slates,136.0,Performer3_Sess1_BilahariA,0.2901653377024148,0.0005662237093111112,Left,512.4570605767123,"(-0.8540215703703704, 1.894785814814815, 0.06355734814814815)",0.2901653377024148
928,49.88478098341799,52.08499185277484,0.0,22.0,2018_11_18_am_Sec_5_P3_Bilahari_slates,136.0,Performer3_Sess1_BilahariA,0.19908375362731817,0.000306784404469697,Left,648.937008292359,"(-0.8179580757575757, 1.899030787878788, 0.045966)",0.19908375362731817
929,180.9373411291095,183.1375519984664,0.0,23.0,2018_11_18_am_Sec_5_P3_Bilahari_slates,136.0,Performer3_Sess1_BilahariA,0.22392406989855304,0.0012344501809166668,Left,181.39579333389827,"(-0.8020981515151515, 1.898440128787879, 0.057149015151515145)",0.22392406989855304
930,308.39955717435055,310.54976325122203,0.0,24.0,2018_11_18_am_Sec_5_P3_Bilahari_slates,136.0,Performer3_Sess1_BilahariA,0.8888951241121938,0.0009167144770620154,Left,969.6531977557723,"(-0.857377, 1.8990098837209304, 0.06531538759689924)",0.8888951241121938
931,88.48848078213359,90.59868302501675,0.0,25.0,2018_11_18_am_Sec_5_P3_Bilahari_slates,136.0,Performer3_Sess1_BilahariA,0.08008204255938096,0.0004680045726904762,Left,171.11380365153988,"(-0.8174654206349206, 1.8977767539682537, 0.0560423015873016)",0.08008204255938096
933,292.37802166203386,294.48822390491705,0.0,27.0,2018_11_18_am_Sec_5_P3_Bilahari_slates,136.0,Performer3_Sess1_BilahariA,0.32400227308223617,0.006994723856740157,Left,46.32095272353399,"(-0.8412135669291338, 1.9101537637795278, 0.06487908661417321)",0.32400227308223617
947,311.1898245950349,313.2100182114444,0.0,41.0,2018_11_18_am_Sec_5_P3_Bilahari_slates,136.0,Performer3_Sess1_BilahariA,0.6399463228084462,0.000962071484090909,Left,665.1754400694573,"(-0.8569698512396695, 1.8983557438016527, 0.06627978512396694)",0.6399463228084462
952,219.7210581807725,222.8613591488545,0.0,2.0,2018_11_18_am_Sec_6_P1_Atana_A_slates,136.0,Performer3_Sess1_AtanaA,0.44280825673002117,0.0023997420223829786,Left,184.52327483531172,"(-0.10233700531914895, 2.6172348510638295, 0.0035961170212765953)",0.44280825673002117
953,227.42179622352148,230.3820799386561,0.0,3.0,2018_11_18_am_Sec_6_P1_Atana_A_slates,136.0,Performer3_Sess1_AtanaA,0.26650822285537284,0.003338833970067796,Left,79.82074737605515,"(-0.10443551412429378, 2.6136470847457627, 0.00093335593220339)",0.26650822285537284
954,88.66849803508097,91.80879900316302,0.0,4.0,2018_11_18_am_Sec_6_P1_Atana_A_slates,136.0,Performer3_Sess1_AtanaA,0.1313834039109628,0.0008604696981542554,Left,152.6880077157695,"(-0.06752384574468086, 2.6259169627659578, 0.006316872340425533)",0.1313834039109628
955,212.7503901083101,216.1207131218249,0.0,5.0,2018_11_18_am_Sec_6_P1_Atana_A_slates,136.0,Performer3_Sess1_AtanaA,0.4823057318573811,0.008034300467663368,Left,60.030830785900534,"(-0.10611148019801982, 2.613476069306931, 0.007228866336633662)",0.4823057318573811
956,204.8296309786255,207.74991085977183,0.0,6.0,2018_11_18_am_Sec_6_P1_Atana_A_slates,136.0,Performer3_Sess1_AtanaA,0.3349844879622742,0.007939845343942858,Left,42.19030389777389,"(-0.10140608571428572, 2.6107227885714286, -0.0001279771428571429)",0.3349844879622742
957,240.1530163903,242.89327901849896,0.0,7.0,2018_11_18_am_Sec_6_P1_Atana_A_slates,136.0,Performer3_Sess1_AtanaA,0.7312495342072829,0.0008873594159506579,Left,824.073674164905,"(-0.11176223684210528, 2.615120555921053, -0.0012463026315789473)",0.7312495342072829
958,125.06198600594266,127.44221412824687,0.0,8.0,2018_11_18_am_Sec_6_P1_Atana_A_slates,136.0,Performer3_Sess1_AtanaA,0.3311232192656853,0.0007766809056713288,Left,426.3310927921898,"(-0.07425974125874127, 2.6244721188811186, 0.004701538461538462)",0.3311232192656853
959,120.21152113486052,122.54174446467935,0.0,9.0,2018_11_18_am_Sec_6_P1_Atana_A_slates,136.0,Performer3_Sess1_AtanaA,0.36990469442252855,0.0032783732149285713,Left,112.83178276899996,"(-0.08155031428571428, 2.6237811928571433, 0.005419885714285714)",0.36990469442252855
960,95.1491191411866,97.34933001054344,0.0,10.0,2018_11_18_am_Sec_6_P1_Atana_A_slates,136.0,Performer3_Sess1_AtanaA,0.13465050143846968,0.0017973593662954544,Left,74.915736921325,"(-0.07854506818181818, 2.621801272727273, 0.00593825)",0.13465050143846968
961,105.81014089907023,108.01035176842709,0.0,11.0,2018_11_18_am_Sec_6_P1_Atana_A_slates,136.0,Performer3_Sess1_AtanaA,0.2648762470390379,0.001322524193075758,Left,200.28083299030058,"(-0.0739505606060606, 2.6243957272727276, 0.0038488333333333334)",0.2648762470390379
962,50.87487587462857,52.98507811751173,0.0,12.0,2018_11_18_am_Sec_6_P1_Atana_A_slates,136.0,Performer3_Sess1_AtanaA,0.10171751798663779,0.0004908807497952755,Left,207.21431433002746,"(-0.0569415748031496, 2.628322125984252, 0.002998937007874015)",0.10171751798663779
963,159.70530623981594,162.08553436212017,0.0,13.0,2018_11_18_am_Sec_6_P1_Atana_A_slates,136.0,Performer3_Sess1_AtanaA,0.4031501234301609,0.002586190859930069,Left,155.88568101314152,"(-0.07726916783216783, 2.6283293566433565, 0.007860496503496505)",0.4031501234301609
964,218.6909594555736,220.8011616984568,0.0,14.0,2018_11_18_am_Sec_6_P1_Atana_A_slates,136.0,Performer3_Sess1_AtanaA,0.47829667040399215,0.003200134185480315,Left,149.46144214018437,"(-0.1065348188976378, 2.6161503700787407, 0.003786062992125984)",0.47829667040399215
965,223.9514636250359,226.06166586791903,0.0,15.0,2018_11_18_am_Sec_6_P1_Atana_A_slates,136.0,Performer3_Sess1_AtanaA,0.48987854088702376,0.004441490988690477,Left,110.295966407321,"(-0.10387919841269841, 2.61234926984127, 0.0035917142857142853)",0.48987854088702376
966,132.2226722898495,134.28286974024726,0.0,16.0,2018_11_18_am_Sec_6_P1_Atana_A_slates,136.0,Performer3_Sess1_AtanaA,0.09653292227308942,0.0004245653591300813,Left,227.36881424071385,"(-0.07617340650406501, 2.620344845528455, 0.00706689430894309)",0.09653292227308942
969,157.18506469855265,159.3352707754241,0.0,19.0,2018_11_18_am_Sec_6_P1_Atana_A_slates,136.0,Performer3_Sess1_AtanaA,0.28657115621810075,0.0077921103905969,Left,36.777091423643,"(-0.07016465891472867, 2.6173202868217054, 0.004466248062015505)",0.28657115621810075
980,77.50742835234351,81.41780312470046,0.0,0.0,2018_11_18_am_Sec_6_P2_Atana_B_slates,136.0,Performer3_Sess1_AtanaB,0.1914395072226043,0.0006174227397489362,Left,310.0622877940157,"(-0.15867397872340427, 2.6209192978723403, 0.002951468085106383)",0.1914395072226043
981,196.9588766414262,200.72923799482408,0.0,1.0,2018_11_18_am_Sec_6_P2_Atana_B_slates,136.0,Performer3_Sess1_AtanaB,0.0638168964674071,0.0010932564235575219,Left,58.37321884626399,"(-0.1704613672566372, 2.623298530973451, 0.006414477876106195)",0.0638168964674071
982,110.4005808492284,114.40096424805904,0.0,2.0,2018_11_18_am_Sec_6_P2_Atana_B_slates,136.0,Performer3_Sess1_AtanaB,0.15444342294517915,0.0007902111630958333,Left,195.4457620417708,"(-0.17466254583333332, 2.6207919250000002, 0.004675133333333333)",0.15444342294517915
983,167.6260653695006,170.81637113006803,0.0,3.0,2018_11_18_am_Sec_6_P2_Atana_B_slates,136.0,Performer3_Sess1_AtanaB,0.25052928800402097,0.0005841758682827226,Left,428.85935829648605,"(-0.1687249528795811, 2.6238551727748693, 0.003571293193717277)",0.25052928800402097
984,61.08585450014376,64.13614684175212,0.0,4.0,2018_11_18_am_Sec_6_P2_Atana_B_slates,136.0,Performer3_Sess1_AtanaB,0.0628649922666612,0.0006019721307431693,Left,104.43173206216497,"(-0.15470781967213115, 2.620395103825137, 0.0067393278688524585)",0.0628649922666612
985,339.932579315633,342.9828716572414,0.0,5.0,2018_11_18_am_Sec_6_P2_Atana_B_slates,136.0,Performer3_Sess1_AtanaB,0.14181479504619673,0.001296311787967213,Left,109.39867735722818,"(-0.17400581967213113, 2.62934750273224, 0.002400497267759563)",0.14181479504619673
986,164.2957461899741,167.12601744464675,0.0,6.0,2018_11_18_am_Sec_6_P2_Atana_B_slates,136.0,Performer3_Sess1_AtanaB,0.07666152542318823,0.0007502003461764708,Left,102.18806991213387,"(-0.16581611176470587, 2.6235065058823532, 0.0057749)",0.07666152542318823
987,315.78026454519306,318.38051375443297,0.0,7.0,2018_11_18_am_Sec_6_P2_Atana_B_slates,136.0,Performer3_Sess1_AtanaB,0.37507290809537824,0.0025417896664551285,Left,147.56252771240054,"(-0.17224376282051282, 2.6293601474358974, 0.0069418846153846145)",0.37507290809537824
988,100.54963672960795,102.9698686859005,0.0,8.0,2018_11_18_am_Sec_6_P2_Atana_B_slates,136.0,Performer3_Sess1_AtanaB,0.15791610738495207,0.0023663873266438354,Left,66.7329923579835,"(-0.16701367123287672, 2.6221212671232874, 0.0011112397260273972)",0.15791610738495207
989,195.74876066328,198.1689926195725,0.0,9.0,2018_11_18_am_Sec_6_P2_Atana_B_slates,136.0,Performer3_Sess1_AtanaB,0.07498430815982876,0.0022562618835410956,Left,33.23386735680898,"(-0.16902197260273974, 2.62230001369863, 0.0051993767123287675)",0.07498430815982876
990,248.7438397392888,251.25408032205496,0.0,10.0,2018_11_18_am_Sec_6_P2_Atana_B_slates,136.0,Performer3_Sess1_AtanaB,0.2879349348489205,0.0012465951094039736,Left,230.97710930904339,"(-0.15723262251655631, 2.6268917549668878, 0.0027911920529801325)",0.2879349348489205
991,253.06425381002583,255.4444819323301,0.0,11.0,2018_11_18_am_Sec_6_P2_Atana_B_slates,136.0,Performer3_Sess1_AtanaB,0.1857998858916573,0.003382645043258742,Left,54.92739661287756,"(-0.15906918181818183, 2.6277920000000003, 0.003882020979020978)",0.1857998858916573
993,275.3763922170037,277.70661554682255,0.0,13.0,2018_11_18_am_Sec_6_P2_Atana_B_slates,136.0,Performer3_Sess1_AtanaB,0.2594008324396643,0.0017622501160642861,Left,147.19864681807826,"(-0.1641703714285714, 2.627528178571428, 0.004904128571428571)",0.2594008324396643
994,267.8656723856992,270.1058870890443,0.0,14.0,2018_11_18_am_Sec_6_P2_Atana_B_slates,136.0,Performer3_Sess1_AtanaB,0.07427318128797779,0.0035257611931185182,Left,21.065857050370315,"(-0.1638881185185185, 2.627339414814815, 0.004658303703703704)",0.07427318128797779
995,263.3152362695293,265.5154471388862,0.0,15.0,2018_11_18_am_Sec_6_P2_Atana_B_slates,136.0,Performer3_Sess1_AtanaB,0.22661690297022727,0.0016763485115530302,Left,135.1848385991533,"(-0.16005174242424244, 2.6286788712121214, 0.008065765151515152)",0.22661690297022727
996,327.5613936547493,329.8016083580944,0.0,16.0,2018_11_18_am_Sec_6_P2_Atana_B_slates,136.0,Performer3_Sess1_AtanaB,0.37422748218252594,0.0015393480508296298,Left,243.1077766856147,"(-0.17122405925925926, 2.629721118518518, 0.004252518518518518)",0.37422748218252594
997,73.46704111952457,75.61724719639604,0.0,17.0,2018_11_18_am_Sec_6_P2_Atana_B_slates,136.0,Performer3_Sess1_AtanaB,0.1475549055118527,0.0009506117635116279,Left,155.22099681027964,"(-0.15158793023255812, 2.62020988372093, 0.0014268527131782946)",0.1475549055118527
998,302.4089830346017,304.64919773794685,0.0,18.0,2018_11_18_am_Sec_6_P2_Atana_B_slates,136.0,Performer3_Sess1_AtanaB,0.29015650190744774,0.0014635413480597016,Left,198.25644303942926,"(-0.1714439626865672, 2.6294738059701492, 0.009395216417910447)",0.29015650190744774
999,267.0055899549506,269.11579219783374,0.0,19.0,2018_11_18_am_Sec_6_P2_Atana_B_slates,136.0,Performer3_Sess1_AtanaB,0.06779721061901589,0.004208900711833333,Left,16.108056535618406,"(-0.1632982619047619, 2.627607611111111, 0.0073274523809523815)",0.06779721061901589
1000,234.79250263586687,236.8527000862647,0.0,20.0,2018_11_18_am_Sec_6_P2_Atana_B_slates,136.0,Performer3_Sess1_AtanaB,0.09171528925524193,0.0014423410920887097,Left,63.58779470286428,"(-0.1689113870967742, 2.623317806451613, 0.008548677419354838)",0.09171528925524193
1001,257.42467171475124,259.484869165149,0.0,21.0,2018_11_18_am_Sec_6_P2_Atana_B_slates,136.0,Performer3_Sess1_AtanaB,0.38935448239979037,0.005061874034870967,Left,76.91903822923074,"(-0.15911450806451616, 2.6264629274193547, 0.004289774193548388)",0.38935448239979037
1014,356.0841272884117,358.32434199175685,0.0,34.0,2018_11_18_am_Sec_6_P2_Atana_B_slates,136.0,Performer3_Sess1_AtanaB,0.6001297016804851,0.0015381354001343284,Left,390.16701756430194,"(-0.17567555970149254, 2.629684246268657, 0.004337514925373134)",0.6001297016804851
1020,362.5347455190261,368.0652755679095,0.0,0.0,2018_11_18_am_Sec_6_P4_Todi_slates,136.0,Performer3_Sess1_Todi,0.23166848004928398,0.003221085874830816,Left,71.92247864594796,"(-0.2682228459214501, 2.725671667673716, 0.01075538670694864)",0.23166848004928398
1021,388.5372376114252,393.34769864851904,0.0,1.0,2018_11_18_am_Sec_6_P4_Todi_slates,136.0,Performer3_Sess1_Todi,0.17405721058048956,0.0017406802751666667,Left,99.993785799534,"(-0.26133096527777777, 2.7311381388888893, 0.005697434027777778)",0.17405721058048956
1022,459.57404581616015,462.7643515767276,0.0,2.0,2018_11_18_am_Sec_6_P4_Todi_slates,136.0,Performer3_Sess1_Todi,0.5351537717553403,0.011070902734146595,Left,48.33876555565212,"(-0.30486882722513087, 2.734379136125654, 0.006292062827225131)",0.5351537717553403
1023,387.8171685996357,391.0974829866768,0.0,3.0,2018_11_18_am_Sec_6_P4_Todi_slates,136.0,Performer3_Sess1_Todi,0.08551169802964288,0.0005829601543316326,Left,146.68532213437908,"(-0.26114832653061226, 2.7317375561224484, 0.005220397959183673)",0.08551169802964288
1024,86.46828716572413,89.24855362791142,0.0,4.0,2018_11_18_am_Sec_6_P4_Todi_slates,136.0,Performer3_Sess1_Todi,0.011054742219355422,0.0002885356464337349,Left,38.31326339047073,"(-0.25363568674698794, 2.723212301204819, 0.008111674698795179)",0.011054742219355422
1025,281.32696252276423,284.0672251509632,0.0,5.0,2018_11_18_am_Sec_6_P4_Todi_slates,136.0,Performer3_Sess1_Todi,0.39214945826545455,0.0024555185603636364,Left,159.7012804527046,"(-0.27232770303030307, 2.7297710727272726, 0.004646503030303031)",0.39214945826545455
1026,430.4212517971819,433.4715441387903,0.0,6.0,2018_11_18_am_Sec_6_P4_Todi_slates,136.0,Performer3_Sess1_Todi,0.15818815732360111,0.00660207275651366,Left,23.960377771894645,"(-0.2908239398907103, 2.731345185792349, 0.009043699453551912)",0.15818815732360111
1027,308.1795360874149,311.09981596856124,0.0,7.0,2018_11_18_am_Sec_6_P4_Todi_slates,136.0,Performer3_Sess1_Todi,0.2634806694253874,0.002372107704931298,Left,111.07449669239132,"(-0.2740853854961832, 2.723800427480916, 0.0075018511450381685)",0.2634806694253874
1028,410.21931563308726,412.9095734688008,0.0,8.0,2018_11_18_am_Sec_6_P4_Todi_slates,136.0,Performer3_Sess1_Todi,0.23401409294137268,0.003440483610583851,Left,68.01779035408933,"(-0.2691553043478261, 2.7320018757763975, 0.011280732919254658)",0.23401409294137268
1029,452.0133211923703,454.6135704016102,0.0,9.0,2018_11_18_am_Sec_6_P4_Todi_slates,136.0,Performer3_Sess1_Todi,0.43525026193238464,0.004166708302608974,Left,104.45901904384661,"(-0.30366548717948716, 2.7320641666666665, 0.004946262820512821)",0.43525026193238464
1031,324.9211406115211,327.391377360299,0.0,11.0,2018_11_18_am_Sec_6_P4_Todi_slates,136.0,Performer3_Sess1_Todi,0.3034614451112567,0.0022810557751891895,Left,133.03552171410092,"(-0.2823572905405405, 2.7200875067567565, 0.00439054054054054)",0.3034614451112567
1032,167.04600977667016,169.4662417329627,0.0,12.0,2018_11_18_am_Sec_6_P4_Todi_slates,136.0,Performer3_Sess1_Todi,0.1449988927406069,0.0004196299466965517,Left,345.53990696345704,"(-0.2677681517241379, 2.726531593103448, 0.010415434482758622)",0.1449988927406069
1033,245.15349563883825,247.62373238761617,0.0,13.0,2018_11_18_am_Sec_6_P4_Todi_slates,136.0,Performer3_Sess1_Todi,0.06783153361750677,0.00025830704641891894,Left,262.6003996325307,"(-0.256649222972973, 2.724795067567568, 0.011627702702702702)",0.06783153361750677
1034,366.44512029138303,368.915357040161,0.0,14.0,2018_11_18_am_Sec_6_P4_Todi_slates,136.0,Performer3_Sess1_Todi,0.2593658090852635,0.005563438130952702,Left,46.61969864322888,"(-0.26915572972972973, 2.725427689189189, 0.009746054054054055)",0.2593658090852635
1035,197.45892456628005,200.05917377551995,0.0,15.0,2018_11_18_am_Sec_6_P4_Todi_slates,136.0,Performer3_Sess1_Todi,0.3690411797452948,0.0014457525568589745,Left,255.2588809160189,"(-0.2647181217948718, 2.721848903846154, 0.007194615384615384)",0.3690411797452948
1036,466.32469280168687,468.564907505032,0.0,16.0,2018_11_18_am_Sec_6_P4_Todi_slates,136.0,Performer3_Sess1_Todi,0.2361540712921493,0.0017085357552686568,Left,138.22015170821842,"(-0.29718071641791044, 2.733283253731343, 0.007125298507462687)",0.2361540712921493
1037,145.00389724911335,147.24411195245852,0.0,17.0,2018_11_18_am_Sec_6_P4_Todi_slates,136.0,Performer3_Sess1_Todi,0.08729413328455224,0.00022279932594776125,Left,391.80609238027813,"(-0.2708417835820895, 2.7264385447761192, 0.009531179104477613)",0.08729413328455224
1038,265.4854442633949,267.6856551327518,0.0,18.0,2018_11_18_am_Sec_6_P4_Todi_slates,136.0,Performer3_Sess1_Todi,0.05458282638109091,0.00027279149253030304,Left,200.08991436940644,"(-0.2674444393939394, 2.7246029545454546, 0.007909651515151517)",0.05458282638109091
1039,350.1535588996453,352.35376976900216,0.0,19.0,2018_11_18_am_Sec_6_P4_Todi_slates,136.0,Performer3_Sess1_Todi,0.20708248273496213,0.0036007221935833336,Left,57.51137455258099,"(-0.2815730681818182, 2.725824863636364, 0.010725787878787878)",0.20708248273496213
1040,469.8350292341608,471.9852353110322,0.0,20.0,2018_11_18_am_Sec_6_P4_Todi_slates,136.0,Performer3_Sess1_Todi,0.2452069542807519,0.0028408665757364343,Left,86.31413962733791,"(-0.2992825348837209, 2.7335569379844964, 0.007610015503875969)",0.2452069542807519
1041,193.94858813380617,196.008785584204,0.0,21.0,2018_11_18_am_Sec_6_P4_Todi_slates,136.0,Performer3_Sess1_Todi,0.2037666676265242,0.000635993873483871,Left,320.39092846967776,"(-0.26367509677419354, 2.7214948709677422, 0.008374637096774192)",0.2037666676265242
1042,500.20794018978233,502.2681376401801,0.0,22.0,2018_11_18_am_Sec_6_P4_Todi_slates,136.0,Performer3_Sess1_Todi,0.2338605436600242,0.0022750031614838712,Left,102.79570051563736,"(-0.3039396774193548, 2.733106677419355, 0.008289516129032259)",0.2338605436600242
1043,456.7437745614875,458.9439854308444,0.0,23.0,2018_11_18_am_Sec_6_P4_Todi_slates,136.0,Performer3_Sess1_Todi,0.38403602078874244,0.005634180158030303,Left,68.16182834362907,"(-0.30094741666666663, 2.731460159090909, 0.0050708030303030305)",0.38403602078874244
1045,181.26737275951305,183.3275702099108,0.0,25.0,2018_11_18_am_Sec_6_P4_Todi_slates,136.0,Performer3_Sess1_Todi,0.1782957593593496,0.0005070265539268294,Left,351.6497468988183,"(-0.26698092682926833, 2.725334048780488, 0.007803569105691057)",0.1782957593593496
1050,416.15988498035074,418.4000996836959,0.0,30.0,2018_11_18_am_Sec_6_P4_Todi_slates,136.0,Performer3_Sess1_Todi,0.3401714655913926,0.002095955036851852,Left,162.29902818064932,"(-0.2693056740740741, 2.7298432888888886, 0.0052246518518518515)",0.3401714655913926
1072,79.48761813476467,82.85794114827948,0.0,1.0,2018_11_18_am_Sec_6_P6_Bilahari_B,136.0,Performer3_Sess1_BilahariB,0.16477604164897527,0.0004769936129158416,Left,345.4470608981667,"(-0.36335246039603963, 2.7280548019801976, 0.000663039603960396)",0.16477604164897527
1074,126.55212882200706,129.8724470430365,0.0,3.0,2018_11_18_am_Sec_6_P6_Bilahari_B,136.0,Performer3_Sess1_BilahariB,0.1859071777452764,0.0003414038727286432,Left,544.5374015807968,"(-0.35689759798994974, 2.7216992914572864, 0.0028348291457286428)",0.1859071777452764
1075,379.7963998849803,382.84669222658863,0.0,4.0,2018_11_18_am_Sec_6_P6_Bilahari_B,136.0,Performer3_Sess1_BilahariB,0.24770298421697268,0.00022599436024043718,Left,1096.0582554070797,"(-0.4715747978142077, 2.7182235628415303, 0.005250896174863387)",0.24770298421697268
1076,361.8946841752132,365.2150023962426,0.0,5.0,2018_11_18_am_Sec_6_P6_Bilahari_B,136.0,Performer3_Sess1_BilahariB,0.2895772590629297,0.0007090786870150753,Left,408.3852248922173,"(-0.46653155778894473, 2.719148231155779, 0.0031219748743718592)",0.2895772590629297
1077,190.70827758075333,193.48854404294065,0.0,6.0,2018_11_18_am_Sec_6_P6_Bilahari_B,136.0,Performer3_Sess1_BilahariB,0.1756463983332156,0.0009751518830059882,Left,180.12209317770143,"(-0.3566397904191617, 2.7229331916167667, -0.003441502994011976)",0.1756463983332156
1078,294.04818173104564,296.73843956675927,0.0,7.0,2018_11_18_am_Sec_6_P6_Bilahari_B,136.0,Performer3_Sess1_BilahariB,0.609939338728605,0.0041194802296172835,Left,148.06220802891698,"(-0.41783658024691356, 2.718114574074074, -0.0010611975308641977)",0.609939338728605
1079,73.82707562541933,76.60734208760663,0.0,8.0,2018_11_18_am_Sec_6_P6_Bilahari_B,136.0,Performer3_Sess1_BilahariB,0.12795472923650897,0.000508377941491018,Left,251.69213451951015,"(-0.36581281437125746, 2.7285926706586827, 0.0003378203592814371)",0.12795472923650897
1080,135.37297421642862,137.93321959168023,0.0,9.0,2018_11_18_am_Sec_6_P6_Bilahari_B,136.0,Performer3_Sess1_BilahariB,0.13141587184375816,0.0006954333681633987,Left,188.96975304883665,"(-0.3588529019607843, 2.7216995947712417, 0.000508986928104575)",0.13141587184375816
1081,139.01332310936448,141.5735684846161,0.0,10.0,2018_11_18_am_Sec_6_P6_Bilahari_B,136.0,Performer3_Sess1_BilahariB,0.12728500415033117,0.0002390092027922078,Left,532.5527329631382,"(-0.3601739285714286, 2.7219423506493508, 8.632467532467533e-05)",0.12728500415033117
1082,357.9343046103709,360.4445451931371,0.0,11.0,2018_11_18_am_Sec_6_P6_Bilahari_B,136.0,Performer3_Sess1_BilahariB,0.13636525753685333,0.0006624952539733333,Left,205.83582556855916,"(-0.47003417333333325, 2.7195515599999998, 0.0027252266666666666)",0.13636525753685333
1083,365.9450723665292,368.4553129492954,0.0,12.0,2018_11_18_am_Sec_6_P6_Bilahari_B,136.0,Performer3_Sess1_BilahariB,0.07305682210769537,0.00019340931808609272,Left,377.73165652326753,"(-0.4686523046357616, 2.7188771986754965, 0.002003629139072848)",0.07305682210769537
1084,350.9136317454231,353.42387232818936,0.0,13.0,2018_11_18_am_Sec_6_P6_Bilahari_B,136.0,Performer3_Sess1_BilahariB,0.2430846568195033,0.001203356029304636,Left,202.00560008825545,"(-0.47001214569536415, 2.719092516556291, 0.002581152317880795)",0.2430846568195033
1087,240.3330336432473,242.66325697306613,0.0,16.0,2018_11_18_am_Sec_6_P6_Bilahari_B,136.0,Performer3_Sess1_BilahariB,0.42104022766398574,0.002158546677535714,Left,195.0572725833581,"(-0.4168779928571428, 2.7145938357142856, -0.0030222571428571428)",0.42104022766398574
1088,90.69869260998752,93.07892073229176,0.0,17.0,2018_11_18_am_Sec_6_P6_Bilahari_B,136.0,Performer3_Sess1_BilahariB,0.11333085845337063,0.0007621783533006994,Left,148.6933576144987,"(-0.3683244055944056, 2.723039034965035, -0.000720027972027972)",0.11333085845337063
1089,299.1286686475606,301.3288795169174,0.0,18.0,2018_11_18_am_Sec_6_P6_Bilahari_B,136.0,Performer3_Sess1_BilahariB,0.9765582876220984,0.004139369573545455,Left,235.9195694588962,"(-0.4197402803030303, 2.7180360227272726, 0.0015859545454545456)",0.9765582876220984
1090,176.7569404773315,178.99715518067666,0.0,19.0,2018_11_18_am_Sec_6_P6_Bilahari_B,136.0,Performer3_Sess1_BilahariB,0.23636409032075376,0.0008541696610895522,Left,276.71796492895226,"(-0.3552855074626865, 2.7225704925373133, -0.0005657910447761193)",0.23636409032075376
1091,373.9058353302022,375.9660327806,0.0,20.0,2018_11_18_am_Sec_6_P6_Bilahari_B,136.0,Performer3_Sess1_BilahariB,0.25107691970264223,0.0002619819781056911,Left,958.374776456381,"(-0.4727684308943089, 2.718399707317073, 0.006113617886178862)",0.25107691970264223
1092,80.88775232435539,82.90794594076486,0.0,21.0,2018_11_18_am_Sec_6_P6_Bilahari_B,136.0,Performer3_Sess1_BilahariB,0.1651419251127686,0.0006707196145123967,Left,246.21603653685358,"(-0.36330118181818183, 2.7275843801652893, -0.0005064132231404959)",0.1651419251127686
1093,267.9056762196875,269.9258698360969,0.0,22.0,2018_11_18_am_Sec_6_P6_Bilahari_B,136.0,Performer3_Sess1_BilahariB,0.43757643979339667,0.005038278353305786,Left,86.85038997622826,"(-0.4212174462809918, 2.7183064132231407, 0.003404123966942149)",0.43757643979339667
1094,335.75217866385503,337.7723722802645,0.0,23.0,2018_11_18_am_Sec_6_P6_Bilahari_B,136.0,Performer3_Sess1_BilahariB,0.8382785707621817,0.003356677507801653,Left,249.7346166898187,"(-0.449206958677686, 2.719098462809917, 0.003692297520661157)",0.8382785707621817
1096,346.1931793348029,348.2533767852007,0.0,25.0,2018_11_18_am_Sec_6_P6_Bilahari_B,136.0,Performer3_Sess1_BilahariB,0.34321250093756456,0.015290209248532262,Left,22.446553566329396,"(-0.45686658064516134, 2.718651096774194, 0.0052540725806451615)",0.34321250093756456
1108,271.235995399214,275.0963653790856,0.0,0.0,2018_11_18_pm_Sec_5_P2_Sahana_slates,136.0,Performer3_Sess2_Sahana,0.22081904994052384,0.0009218170252424243,Left,239.54759338758328,"(-0.30877297835497836, -0.32791154112554116, 0.04958966666666667)",0.22081904994052384
1109,266.46553819610847,269.9658736700853,0.0,1.0,2018_11_18_pm_Sec_5_P2_Sahana_slates,136.0,Performer3_Sess2_Sahana,0.170559125367,0.0007264091719809523,Left,234.79759334794352,"(-0.30676076666666663, -0.3216706333333334, 0.055910823809523814)",0.170559125367
1110,257.24465446180386,260.74498993578067,0.0,2.0,2018_11_18_pm_Sec_5_P2_Sahana_slates,136.0,Performer3_Sess2_Sahana,0.23585491095093336,0.0011251539512190474,Left,209.6201241575844,"(-0.30587849999999994, -0.32391103809523814, 0.05532035714285715)",0.23585491095093336
1112,261.9251030384357,264.4853484136873,0.0,4.0,2018_11_18_pm_Sec_5_P2_Sahana_slates,136.0,Performer3_Sess2_Sahana,0.06689166362223375,0.00033930187469480516,Left,197.14498684217818,"(-0.3051310194805195, -0.32393357142857143, 0.054689272727272725)",0.06689166362223375
1113,126.82215470142812,129.38240007667974,0.0,5.0,2018_11_18_pm_Sec_5_P2_Sahana_slates,136.0,Performer3_Sess2_Sahana,0.05800787487334642,0.0006431509961437908,Left,90.19324423214833,"(-0.33266823529411765, -0.327577385620915, 0.05080246405228758)",0.05800787487334642
1114,85.20816639509248,87.7184069778587,0.0,6.0,2018_11_18_pm_Sec_5_P2_Sahana_slates,136.0,Performer3_Sess2_Sahana,0.05334063365562915,0.0004633817471192054,Left,115.11164172357272,"(-0.3441676556291391, -0.32800454966887416, 0.05680752980132451)",0.05334063365562915
1115,276.3164823157289,278.7367142720214,0.0,7.0,2018_11_18_pm_Sec_5_P2_Sahana_slates,136.0,Performer3_Sess2_Sahana,0.0795855304989589,0.001825227306890411,Left,43.6030790239198,"(-0.31078313698630133, -0.3270059931506849, 0.048481342465753426)",0.0795855304989589
1119,108.55040352726922,110.610600977667,0.0,11.0,2018_11_18_pm_Sec_5_P2_Sahana_slates,136.0,Performer3_Sess2_Sahana,0.07592344575144715,0.0005989727254552845,Left,126.75609844127219,"(-0.33056504878048776, -0.326487081300813, 0.05694349593495935)",0.07592344575144715
1120,193.5785526694144,195.5987462858237,0.0,12.0,2018_11_18_pm_Sec_5_P2_Sahana_slates,136.0,Performer3_Sess2_Sahana,0.34859539534983475,0.004234123270396694,Left,82.33000625822,"(-0.3239819917355372, -0.3277335950413223, 0.034856462809917346)",0.34859539534983475
